# ************************************************************
# Sequel Pro SQL dump
# Версия 4541
#
# http://www.sequelpro.com/
# https://github.com/sequelpro/sequelpro
#
# Адрес: 127.0.0.1 (MySQL 5.7.19)
# Схема: roomservice
# Время создания: 2019-11-16 00:49:43 +0000
# ************************************************************


/*!40101 SET @OLD_CHARACTER_SET_CLIENT=@@CHARACTER_SET_CLIENT */;
/*!40101 SET @OLD_CHARACTER_SET_RESULTS=@@CHARACTER_SET_RESULTS */;
/*!40101 SET @OLD_COLLATION_CONNECTION=@@COLLATION_CONNECTION */;
/*!40101 SET NAMES utf8 */;
/*!40014 SET @OLD_FOREIGN_KEY_CHECKS=@@FOREIGN_KEY_CHECKS, FOREIGN_KEY_CHECKS=0 */;
/*!40101 SET @OLD_SQL_MODE=@@SQL_MODE, SQL_MODE='NO_AUTO_VALUE_ON_ZERO' */;
/*!40111 SET @OLD_SQL_NOTES=@@SQL_NOTES, SQL_NOTES=0 */;


# Дамп таблицы ci_sessions
# ------------------------------------------------------------

DROP TABLE IF EXISTS `ci_sessions`;

CREATE TABLE `ci_sessions` (
  `id` varchar(128) COLLATE utf8_unicode_ci NOT NULL,
  `ip_address` varchar(45) COLLATE utf8_unicode_ci NOT NULL,
  `timestamp` int(10) unsigned NOT NULL DEFAULT '0',
  `data` blob NOT NULL,
  PRIMARY KEY (`id`),
  KEY `ci_sessions_timestamp` (`timestamp`)
) ENGINE=InnoDB DEFAULT CHARSET=utf8 COLLATE=utf8_unicode_ci;

LOCK TABLES `ci_sessions` WRITE;
/*!40000 ALTER TABLE `ci_sessions` DISABLE KEYS */;

INSERT INTO `ci_sessions` (`id`, `ip_address`, `timestamp`, `data`)
VALUES
	('0803ca49801af672a7a96da84c7c6d643dc5deb7','::1',1573853240,X'5F5F63695F6C6173745F726567656E65726174657C693A313537333835333233363B757365727C4F3A383A22737464436C617373223A383A7B733A373A22757365725F6964223B733A333A22323535223B733A353A2270686F746F223B4E3B733A31303A2266697273745F6E616D65223B733A343A2254657473223B733A393A226C6173745F6E616D65223B733A333A22546574223B733A353A22656D61696C223B733A32313A226C657261303334393331344079616E6465782E7275223B733A31323A22757365725F726F6C655F6964223B733A313A2232223B733A383A2267726F75705F6964223B733A313A2231223B733A31303A2267726F75705F6E616D65223B733A303A22223B7D6C6F67676564696E7C623A313B'),
	('0e86470c8f3727db0db64e91966f12677e092e03','::1',1573863278,X'5F5F63695F6C6173745F726567656E65726174657C693A313537333836333237383B757365727C4F3A383A22737464436C617373223A383A7B733A373A22757365725F6964223B733A333A22323139223B733A353A2270686F746F223B4E3B733A31303A2266697273745F6E616D65223B733A373A2256616C65726961223B733A393A226C6173745F6E616D65223B733A31303A22597572696E736B617961223B733A353A22656D61696C223B733A32373A2276616C65726961797572696E736B61796140676D61696C2E636F6D223B733A31323A22757365725F726F6C655F6964223B733A313A2231223B733A383A2267726F75705F6964223B733A313A2231223B733A31303A2267726F75705F6E616D65223B733A303A22223B7D6C6F67676564696E7C623A313B'),
	('0fcd1ef0a5eb5fb4abee0513a4653d8e3405f1c2','::1',1573853491,X'5F5F63695F6C6173745F726567656E65726174657C693A313537333835333439313B'),
	('105dd5f373d3c2f858fbfc349f4cba9a19e35b8d','::1',1573854243,X'5F5F63695F6C6173745F726567656E65726174657C693A313537333835343234333B'),
	('124d2a16a0aa6322b300682c1d1d1c02bff2c601','::1',1573853257,X'5F5F63695F6C6173745F726567656E65726174657C693A313537333835333235373B'),
	('15138a6d903ea616c9709c50c5cd6d7a880aa446','::1',1573855433,X'5F5F63695F6C6173745F726567656E65726174657C693A313537333835353433333B'),
	('1b2f9346992a9b0e4901aec4b751dc8b12e5420c','::1',1573856149,X'5F5F63695F6C6173745F726567656E65726174657C693A313537333835363134393B'),
	('1e07966d030516185cccfb795e9f0ba5e7d39b94','::1',1573856136,X'5F5F63695F6C6173745F726567656E65726174657C693A313537333835363131393B757365727C4F3A383A22737464436C617373223A383A7B733A373A22757365725F6964223B733A333A22323535223B733A353A2270686F746F223B4E3B733A31303A2266697273745F6E616D65223B733A343A2254657473223B733A393A226C6173745F6E616D65223B733A333A22546574223B733A353A22656D61696C223B733A32313A226C657261303334393331344079616E6465782E7275223B733A31323A22757365725F726F6C655F6964223B733A313A2232223B733A383A2267726F75705F6964223B733A313A2231223B733A31303A2267726F75705F6E616D65223B733A303A22223B7D6C6F67676564696E7C623A313B'),
	('1e9fe29362c6a20923bd8c88e41d1b5a30b64045','::1',1573851454,X'5F5F63695F6C6173745F726567656E65726174657C693A313537333835313435343B'),
	('1fde3eb3e80e846523c572b6063ce429963dcb8c','::1',1573856288,X'5F5F63695F6C6173745F726567656E65726174657C693A313537333835363238383B'),
	('22a219e9ebf771920cf256a76e3e973e96aa40c0','::1',1573852364,X'5F5F63695F6C6173745F726567656E65726174657C693A313537333835323336333B'),
	('255feef0c13872c7b7e497f445b4e0469dc95d37','::1',1573852308,X'5F5F63695F6C6173745F726567656E65726174657C693A313537333835323330383B'),
	('25e8774307842306e3faa69939e4f3e2f2376786','::1',1573854241,X'5F5F63695F6C6173745F726567656E65726174657C693A313537333835343234313B'),
	('26fb549252da514c7840df34f8510f6498f58a1c','::1',1573861848,X'5F5F63695F6C6173745F726567656E65726174657C693A313537333836313637333B'),
	('2e248d051060ad589623d150ac82ef5b4cc9bedd','::1',1573860577,X'5F5F63695F6C6173745F726567656E65726174657C693A313537333836303439373B757365727C4F3A383A22737464436C617373223A383A7B733A373A22757365725F6964223B733A333A22323139223B733A353A2270686F746F223B4E3B733A31303A2266697273745F6E616D65223B733A373A2256616C65726961223B733A393A226C6173745F6E616D65223B733A31303A22597572696E736B617961223B733A353A22656D61696C223B733A32373A2276616C65726961797572696E736B61796140676D61696C2E636F6D223B733A31323A22757365725F726F6C655F6964223B733A313A2231223B733A383A2267726F75705F6964223B733A313A2231223B733A31303A2267726F75705F6E616D65223B733A303A22223B7D6C6F67676564696E7C623A313B'),
	('2e49388d9f6b9e997628eeaf2639dececb9016da','::1',1573853490,X'5F5F63695F6C6173745F726567656E65726174657C693A313537333835333437373B757365727C4F3A383A22737464436C617373223A383A7B733A373A22757365725F6964223B733A333A22323139223B733A353A2270686F746F223B4E3B733A31303A2266697273745F6E616D65223B733A373A2256616C65726961223B733A393A226C6173745F6E616D65223B733A31303A22597572696E736B617961223B733A353A22656D61696C223B733A32373A2276616C65726961797572696E736B61796140676D61696C2E636F6D223B733A31323A22757365725F726F6C655F6964223B733A313A2231223B733A383A2267726F75705F6964223B733A313A2231223B733A31303A2267726F75705F6E616D65223B733A303A22223B7D6C6F67676564696E7C623A313B'),
	('3185ef0caed975e73b4ecffbb262fb6049e8ba09','::1',1573853478,X'5F5F63695F6C6173745F726567656E65726174657C693A313537333835333437383B'),
	('32483e5037d543bdc5690538bf60acf8c60d9f2b','::1',1573853329,X'5F5F63695F6C6173745F726567656E65726174657C693A313537333835333130323B757365727C4F3A383A22737464436C617373223A383A7B733A373A22757365725F6964223B733A333A22323139223B733A353A2270686F746F223B4E3B733A31303A2266697273745F6E616D65223B733A373A2256616C65726961223B733A393A226C6173745F6E616D65223B733A31303A22597572696E736B617961223B733A353A22656D61696C223B733A32373A2276616C65726961797572696E736B61796140676D61696C2E636F6D223B733A31323A22757365725F726F6C655F6964223B733A313A2231223B733A383A2267726F75705F6964223B733A313A2231223B733A31303A2267726F75705F6E616D65223B733A303A22223B7D6C6F67676564696E7C623A313B'),
	('468cfcfb0ca46b5c2a0b42870105ef15c6fe4190','::1',1573852889,X'5F5F63695F6C6173745F726567656E65726174657C693A313537333835323838393B757365727C4F3A383A22737464436C617373223A383A7B733A373A22757365725F6964223B733A333A22323535223B733A353A2270686F746F223B4E3B733A31303A2266697273745F6E616D65223B733A343A2254657473223B733A393A226C6173745F6E616D65223B733A333A22546574223B733A353A22656D61696C223B733A32313A226C657261303334393331344079616E6465782E7275223B733A31323A22757365725F726F6C655F6964223B733A313A2232223B733A383A2267726F75705F6964223B733A313A2231223B733A31303A2267726F75705F6E616D65223B733A303A22223B7D6C6F67676564696E7C623A313B'),
	('490d2157ec2066f6e378c354a1ddee31cd4e962f','::1',1573856340,X'5F5F63695F6C6173745F726567656E65726174657C693A313537333835363334303B'),
	('4c5968bde1715c8aa1a4525b6f6412b215a2f89e','::1',1573860499,X'5F5F63695F6C6173745F726567656E65726174657C693A313537333836303439393B'),
	('4e617fd7aa067b1814c2f46f7487650f10a4ab97','::1',1573852294,X'5F5F63695F6C6173745F726567656E65726174657C693A313537333835323239343B'),
	('5661105174764b5a0e32a0b662faffb9b9d15733','::1',1573856119,X'5F5F63695F6C6173745F726567656E65726174657C693A313537333835363131393B757365727C4F3A383A22737464436C617373223A383A7B733A373A22757365725F6964223B733A333A22323535223B733A353A2270686F746F223B4E3B733A31303A2266697273745F6E616D65223B733A343A2254657473223B733A393A226C6173745F6E616D65223B733A333A22546574223B733A353A22656D61696C223B733A32313A226C657261303334393331344079616E6465782E7275223B733A31323A22757365725F726F6C655F6964223B733A313A2232223B733A383A2267726F75705F6964223B733A313A2231223B733A31303A2267726F75705F6E616D65223B733A303A22223B7D6C6F67676564696E7C623A313B'),
	('595ab1d2c2585020d31d4f1dcadfb09b6abe0300','::1',1573856120,X'5F5F63695F6C6173745F726567656E65726174657C693A313537333835363131393B757365727C4F3A383A22737464436C617373223A383A7B733A373A22757365725F6964223B733A333A22323535223B733A353A2270686F746F223B4E3B733A31303A2266697273745F6E616D65223B733A343A2254657473223B733A393A226C6173745F6E616D65223B733A333A22546574223B733A353A22656D61696C223B733A32313A226C657261303334393331344079616E6465782E7275223B733A31323A22757365725F726F6C655F6964223B733A313A2232223B733A383A2267726F75705F6964223B733A313A2231223B733A31303A2267726F75705F6E616D65223B733A303A22223B7D6C6F67676564696E7C623A313B'),
	('622ee3e2fa5e1614de74e59378a600f7ee157c8f','::1',1573856308,X'5F5F63695F6C6173745F726567656E65726174657C693A313537333835363330383B'),
	('627299e52f2b8c8e6f1dd8d23700903ab7e60116','::1',1573849729,X'5F5F63695F6C6173745F726567656E65726174657C693A313537333834393732323B757365727C4F3A383A22737464436C617373223A383A7B733A373A22757365725F6964223B733A333A22323139223B733A353A2270686F746F223B4E3B733A31303A2266697273745F6E616D65223B733A373A2256616C65726961223B733A393A226C6173745F6E616D65223B733A31303A22597572696E736B617961223B733A353A22656D61696C223B733A32373A2276616C65726961797572696E736B61796140676D61696C2E636F6D223B733A31323A22757365725F726F6C655F6964223B733A313A2231223B733A383A2267726F75705F6964223B733A313A2231223B733A31303A2267726F75705F6E616D65223B733A303A22223B7D6C6F67676564696E7C623A313B'),
	('66efe19ad9d1277e8aaf82391e2f1db9a989ab75','::1',1573852307,X'5F5F63695F6C6173745F726567656E65726174657C693A313537333835323330373B'),
	('67ea0e14ffa642665021ee4a3e75422856c37e66','::1',1573855427,X'5F5F63695F6C6173745F726567656E65726174657C693A313537333835353432373B'),
	('68023a8febc26d6625441cf06137dbb006b9f5bc','::1',1573852938,X'5F5F63695F6C6173745F726567656E65726174657C693A313537333835323637393B757365727C4F3A383A22737464436C617373223A383A7B733A373A22757365725F6964223B733A333A22323139223B733A353A2270686F746F223B4E3B733A31303A2266697273745F6E616D65223B733A373A2256616C65726961223B733A393A226C6173745F6E616D65223B733A31303A22597572696E736B617961223B733A353A22656D61696C223B733A32373A2276616C65726961797572696E736B61796140676D61696C2E636F6D223B733A31323A22757365725F726F6C655F6964223B733A313A2231223B733A383A2267726F75705F6964223B733A313A2231223B733A31303A2267726F75705F6E616D65223B733A303A22223B7D6C6F67676564696E7C623A313B'),
	('6a1e28a974b681be256d943bdb8bbb92711149f8','::1',1573852937,X'5F5F63695F6C6173745F726567656E65726174657C693A313537333835323933373B'),
	('6d7b704ff532b7c535d580930021793f5cbf90b8','::1',1573851447,X'5F5F63695F6C6173745F726567656E65726174657C693A313537333835313434363B'),
	('721239f42abc149e6a4cf3912381ba74f3a4a91a','::1',1573853103,X'5F5F63695F6C6173745F726567656E65726174657C693A313537333835333130333B'),
	('726643b7ce30887842cb3fa7d50f41fa109a18a5','::1',1573856212,X'5F5F63695F6C6173745F726567656E65726174657C693A313537333835363231323B'),
	('77bf00b7db06fe212de9c2f4aceaf07c5c411b8b','::1',1573856316,X'5F5F63695F6C6173745F726567656E65726174657C693A313537333835363331363B'),
	('7a606abb64b369c5eeeb38570e774fa26ecabcd7','::1',1573853482,X'5F5F63695F6C6173745F726567656E65726174657C693A313537333835333438323B'),
	('7dec530c20444b4504004915461065b86b258b80','::1',1573853331,X'5F5F63695F6C6173745F726567656E65726174657C693A313537333835333333313B'),
	('858aedad0f7200b71b5343e27d2b7f546b0730c6','::1',1573855515,X'5F5F63695F6C6173745F726567656E65726174657C693A313537333835353531353B'),
	('85e994ff8d5bd95a4aaf7b1509f3b379ba3d244a','::1',1573849609,X'5F5F63695F6C6173745F726567656E65726174657C693A313537333834343538323B757365727C4F3A383A22737464436C617373223A383A7B733A373A22757365725F6964223B733A333A22323139223B733A353A2270686F746F223B4E3B733A31303A2266697273745F6E616D65223B733A373A2256616C65726961223B733A393A226C6173745F6E616D65223B733A31303A22597572696E736B617961223B733A353A22656D61696C223B733A32373A2276616C65726961797572696E736B61796140676D61696C2E636F6D223B733A31323A22757365725F726F6C655F6964223B733A313A2231223B733A383A2267726F75705F6964223B733A313A2231223B733A31303A2267726F75705F6E616D65223B733A303A22223B7D6C6F67676564696E7C623A313B'),
	('87538050ecfc0f22b7e1e640970e1174a3410b6b','::1',1573851994,X'5F5F63695F6C6173745F726567656E65726174657C693A313537333835313939343B'),
	('8a8003a6abe7f830bdae4420c2429635d251578c','::1',1573853236,X'5F5F63695F6C6173745F726567656E65726174657C693A313537333835333233363B757365727C4F3A383A22737464436C617373223A383A7B733A373A22757365725F6964223B733A333A22323535223B733A353A2270686F746F223B4E3B733A31303A2266697273745F6E616D65223B733A343A2254657473223B733A393A226C6173745F6E616D65223B733A333A22546574223B733A353A22656D61696C223B733A32313A226C657261303334393331344079616E6465782E7275223B733A31323A22757365725F726F6C655F6964223B733A313A2232223B733A383A2267726F75705F6964223B733A313A2231223B733A31303A2267726F75705F6E616D65223B733A303A22223B7D6C6F67676564696E7C623A313B'),
	('8ac51a2f1d36415edb83cf0564d376ec23ead2fe','::1',1573850042,X'5F5F63695F6C6173745F726567656E65726174657C693A313537333835303034323B'),
	('8b6e0bfad630d14ef5ac21e5274f773239b5d631','::1',1573856343,X'5F5F63695F6C6173745F726567656E65726174657C693A313537333835363134383B757365727C4F3A383A22737464436C617373223A383A7B733A373A22757365725F6964223B733A333A22323139223B733A353A2270686F746F223B4E3B733A31303A2266697273745F6E616D65223B733A373A2256616C65726961223B733A393A226C6173745F6E616D65223B733A31303A22597572696E736B617961223B733A353A22656D61696C223B733A32373A2276616C65726961797572696E736B61796140676D61696C2E636F6D223B733A31323A22757365725F726F6C655F6964223B733A313A2231223B733A383A2267726F75705F6964223B733A313A2231223B733A31303A2267726F75705F6E616D65223B733A303A22223B7D6C6F67676564696E7C623A313B'),
	('8c60837e0e0ea7dd4a8945bab896cd789d7fb9d8','::1',1573853246,X'5F5F63695F6C6173745F726567656E65726174657C693A313537333835333234363B'),
	('8d593ac7948a563ab3c955e21eedacdd4ca8bff4','::1',1573856105,X'5F5F63695F6C6173745F726567656E65726174657C693A313537333835353339383B757365727C4F3A383A22737464436C617373223A383A7B733A373A22757365725F6964223B733A333A22323139223B733A353A2270686F746F223B4E3B733A31303A2266697273745F6E616D65223B733A373A2256616C65726961223B733A393A226C6173745F6E616D65223B733A31303A22597572696E736B617961223B733A353A22656D61696C223B733A32373A2276616C65726961797572696E736B61796140676D61696C2E636F6D223B733A31323A22757365725F726F6C655F6964223B733A313A2231223B733A383A2267726F75705F6964223B733A313A2231223B733A31303A2267726F75705F6E616D65223B733A303A22223B7D6C6F67676564696E7C623A313B'),
	('90b4ab5f76b9f0cffe3223e1dec4431b3766edd3','::1',1573852293,X'5F5F63695F6C6173745F726567656E65726174657C693A313537333835313939333B757365727C4F3A383A22737464436C617373223A383A7B733A373A22757365725F6964223B733A333A22323139223B733A353A2270686F746F223B4E3B733A31303A2266697273745F6E616D65223B733A373A2256616C65726961223B733A393A226C6173745F6E616D65223B733A31303A22597572696E736B617961223B733A353A22656D61696C223B733A32373A2276616C65726961797572696E736B61796140676D61696C2E636F6D223B733A31323A22757365725F726F6C655F6964223B733A313A2231223B733A383A2267726F75705F6964223B733A313A2231223B733A31303A2267726F75705F6E616D65223B733A303A22223B7D6C6F67676564696E7C623A313B'),
	('94d5ad51ecd6f7da04ebfcb8164acd1f78e6cdb6','::1',1573851725,X'5F5F63695F6C6173745F726567656E65726174657C693A313537333835313434353B757365727C4F3A383A22737464436C617373223A383A7B733A373A22757365725F6964223B733A333A22323139223B733A353A2270686F746F223B4E3B733A31303A2266697273745F6E616D65223B733A373A2256616C65726961223B733A393A226C6173745F6E616D65223B733A31303A22597572696E736B617961223B733A353A22656D61696C223B733A32373A2276616C65726961797572696E736B61796140676D61696C2E636F6D223B733A31323A22757365725F726F6C655F6964223B733A313A2231223B733A383A2267726F75705F6964223B733A313A2231223B733A31303A2267726F75705F6E616D65223B733A303A22223B7D6C6F67676564696E7C623A313B'),
	('982f5001d69bb67664076d3cff0924bb5d67e5ff','::1',1573855399,X'5F5F63695F6C6173745F726567656E65726174657C693A313537333835353339393B'),
	('9a19d2b98ccf87126ad3cf60be811d215688dd7a','::1',1573853127,X'5F5F63695F6C6173745F726567656E65726174657C693A313537333835333132373B'),
	('9aa181f56dd0970e6aa7d7a0f12faee5b5c7776b','::1',1573852317,X'5F5F63695F6C6173745F726567656E65726174657C693A313537333835323331373B'),
	('9bf0387f68d9cef06d778c751d448b95b2a52276','::1',1573853132,X'5F5F63695F6C6173745F726567656E65726174657C693A313537333835333133323B'),
	('9e3c040c50392faa6e1f942c36959d8861a5eb46','::1',1573852678,X'5F5F63695F6C6173745F726567656E65726174657C693A313537333835323330353B757365727C4F3A383A22737464436C617373223A383A7B733A373A22757365725F6964223B733A333A22323139223B733A353A2270686F746F223B4E3B733A31303A2266697273745F6E616D65223B733A373A2256616C65726961223B733A393A226C6173745F6E616D65223B733A31303A22597572696E736B617961223B733A353A22656D61696C223B733A32373A2276616C65726961797572696E736B61796140676D61696C2E636F6D223B733A31323A22757365725F726F6C655F6964223B733A313A2231223B733A383A2267726F75705F6964223B733A313A2231223B733A31303A2267726F75705F6E616D65223B733A303A22223B7D6C6F67676564696E7C623A313B'),
	('a3ced64507a69d2732d581504ce025d0ecc6afb9','::1',1573852913,X'5F5F63695F6C6173745F726567656E65726174657C693A313537333835323931333B'),
	('a3e127beb72b4d03788721cfe3348401c8b651dc','::1',1573856303,X'5F5F63695F6C6173745F726567656E65726174657C693A313537333835363330333B'),
	('a57812ac11b6c538bd6a20705b6bfc12ca9a493b','::1',1573853272,X'5F5F63695F6C6173745F726567656E65726174657C693A313537333835333237323B'),
	('a60353c4925a9a5b1e1cb163b00819974c2c41fb','::1',1573853121,X'5F5F63695F6C6173745F726567656E65726174657C693A313537333835323838393B757365727C4F3A383A22737464436C617373223A383A7B733A373A22757365725F6964223B733A333A22323535223B733A353A2270686F746F223B4E3B733A31303A2266697273745F6E616D65223B733A343A2254657473223B733A393A226C6173745F6E616D65223B733A333A22546574223B733A353A22656D61696C223B733A32313A226C657261303334393331344079616E6465782E7275223B733A31323A22757365725F726F6C655F6964223B733A313A2232223B733A383A2267726F75705F6964223B733A313A2231223B733A31303A2267726F75705F6E616D65223B733A303A22223B7D6C6F67676564696E7C623A313B'),
	('a61bb9a38c41e5e4985477d4ac8dcd89217c1542','::1',1573853236,X'5F5F63695F6C6173745F726567656E65726174657C693A313537333835333233363B757365727C4F3A383A22737464436C617373223A383A7B733A373A22757365725F6964223B733A333A22323535223B733A353A2270686F746F223B4E3B733A31303A2266697273745F6E616D65223B733A343A2254657473223B733A393A226C6173745F6E616D65223B733A333A22546574223B733A353A22656D61696C223B733A32313A226C657261303334393331344079616E6465782E7275223B733A31323A22757365725F726F6C655F6964223B733A313A2232223B733A383A2267726F75705F6964223B733A313A2231223B733A31303A2267726F75705F6E616D65223B733A303A22223B7D6C6F67676564696E7C623A313B'),
	('a990d3f2e3cda6a23a184d59851a298ea3910bec','::1',1573856277,X'5F5F63695F6C6173745F726567656E65726174657C693A313537333835363237373B'),
	('abbda927bf9280f507abc86e8b41108c52b278f6','::1',1573856307,X'5F5F63695F6C6173745F726567656E65726174657C693A313537333835363330373B'),
	('b0267a7f2aad56435f50f4919ee2d66b2fb090ff','::1',1573855495,X'5F5F63695F6C6173745F726567656E65726174657C693A313537333835353439353B'),
	('b2a19883c838afe9b70299ad9c5bf12d2f8bef88','::1',1573856163,X'5F5F63695F6C6173745F726567656E65726174657C693A313537333835363136333B'),
	('b421654cf80182dc40de749dc430596b852e909e','::1',1573852306,X'5F5F63695F6C6173745F726567656E65726174657C693A313537333835323330353B'),
	('b5eb61e2d9ac37129a0dff5d927b5d3e00dcc9d6','::1',1573860577,X'5F5F63695F6C6173745F726567656E65726174657C693A313537333836303537373B'),
	('b6f56b771cf943b01752a3ccf9b55621adf4e70e','::1',1573853249,X'5F5F63695F6C6173745F726567656E65726174657C693A313537333835333234383B'),
	('ba2ff1f3f6e379b749dea716a235d3895d635322','::1',1573863279,X'5F5F63695F6C6173745F726567656E65726174657C693A313537333836333237393B'),
	('bcb52eae72578b1af70cb5c0c541971c7f103ee8','::1',1573852889,X'5F5F63695F6C6173745F726567656E65726174657C693A313537333835323838393B757365727C4F3A383A22737464436C617373223A383A7B733A373A22757365725F6964223B733A333A22323535223B733A353A2270686F746F223B4E3B733A31303A2266697273745F6E616D65223B733A343A2254657473223B733A393A226C6173745F6E616D65223B733A333A22546574223B733A353A22656D61696C223B733A32313A226C657261303334393331344079616E6465782E7275223B733A31323A22757365725F726F6C655F6964223B733A313A2232223B733A383A2267726F75705F6964223B733A313A2231223B733A31303A2267726F75705F6E616D65223B733A303A22223B7D6C6F67676564696E7C623A313B'),
	('c2cab81544db08a7a896d358624fff34909390cb','::1',1573852889,X'5F5F63695F6C6173745F726567656E65726174657C693A313537333835323838393B757365727C4F3A383A22737464436C617373223A383A7B733A373A22757365725F6964223B733A333A22323535223B733A353A2270686F746F223B4E3B733A31303A2266697273745F6E616D65223B733A343A2254657473223B733A393A226C6173745F6E616D65223B733A333A22546574223B733A353A22656D61696C223B733A32313A226C657261303334393331344079616E6465782E7275223B733A31323A22757365725F726F6C655F6964223B733A313A2232223B733A383A2267726F75705F6964223B733A313A2231223B733A31303A2267726F75705F6E616D65223B733A303A22223B7D6C6F67676564696E7C623A313B'),
	('c38f37a11ba5993ce39922e327014c95dce41454','::1',1573856297,X'5F5F63695F6C6173745F726567656E65726174657C693A313537333835363239373B'),
	('c6416576b8cc3124fc94a97be1ab604d30aa1062','::1',1573855420,X'5F5F63695F6C6173745F726567656E65726174657C693A313537333835353431393B757365727C4F3A383A22737464436C617373223A383A7B733A373A22757365725F6964223B733A333A22323535223B733A353A2270686F746F223B4E3B733A31303A2266697273745F6E616D65223B733A343A2254657473223B733A393A226C6173745F6E616D65223B733A333A22546574223B733A353A22656D61696C223B733A32313A226C657261303334393331344079616E6465782E7275223B733A31323A22757365725F726F6C655F6964223B733A313A2232223B733A383A2267726F75705F6964223B733A313A2231223B733A31303A2267726F75705F6E616D65223B733A303A22223B7D6C6F67676564696E7C623A313B'),
	('cc97f585fb2a2e3cc2880f6750b56d45bc0cacbc','::1',1573856342,X'5F5F63695F6C6173745F726567656E65726174657C693A313537333835363334323B'),
	('cf23765e0580616f4a6249509a7f761763ba19a7','::1',1573855553,X'5F5F63695F6C6173745F726567656E65726174657C693A313537333835353535333B'),
	('d6b2dbd9279a30035d1c54d667f684ca1cdb53e6','::1',1573852353,X'5F5F63695F6C6173745F726567656E65726174657C693A313537333835323335333B'),
	('de1de8f69f8f8d2d09d8caba77c1177e329f075f','::1',1573856169,X'5F5F63695F6C6173745F726567656E65726174657C693A313537333835363136393B'),
	('e2390f4dbda0fbd3289ca6b2378b12be81f32357','::1',1573853236,X'5F5F63695F6C6173745F726567656E65726174657C693A313537333835333233363B757365727C4F3A383A22737464436C617373223A383A7B733A373A22757365725F6964223B733A333A22323535223B733A353A2270686F746F223B4E3B733A31303A2266697273745F6E616D65223B733A343A2254657473223B733A393A226C6173745F6E616D65223B733A333A22546574223B733A353A22656D61696C223B733A32313A226C657261303334393331344079616E6465782E7275223B733A31323A22757365725F726F6C655F6964223B733A313A2232223B733A383A2267726F75705F6964223B733A313A2231223B733A31303A2267726F75705F6E616D65223B733A303A22223B7D6C6F67676564696E7C623A313B'),
	('e3c1bc51bb2f9c5a467c04139c1c1231f7d02e82','::1',1573851716,X'5F5F63695F6C6173745F726567656E65726174657C693A313537333835313731363B'),
	('e4c158095633068c1ac55b88d00ff6f7340d78e6','::1',1573852344,X'5F5F63695F6C6173745F726567656E65726174657C693A313537333835323332333B707265765F75726C7C733A32353A2273747564656E742F3235352F6F72646572732F637265617465223B5F5F63695F766172737C613A313A7B733A383A22707265765F75726C223B693A313537333835323338333B7D757365727C4F3A383A22737464436C617373223A383A7B733A373A22757365725F6964223B733A333A22323535223B733A353A2270686F746F223B4E3B733A31303A2266697273745F6E616D65223B733A343A2254657473223B733A393A226C6173745F6E616D65223B733A333A22546574223B733A353A22656D61696C223B733A32313A226C657261303334393331344079616E6465782E7275223B733A31323A22757365725F726F6C655F6964223B733A313A2232223B733A383A2267726F75705F6964223B733A313A2231223B733A31303A2267726F75705F6E616D65223B733A303A22223B7D6C6F67676564696E7C623A313B'),
	('e50734f54d9d7bdde58eef5e28f6baee35e84e99','::1',1573849723,X'5F5F63695F6C6173745F726567656E65726174657C693A313537333834393732333B'),
	('f1a243b37e5bc18f00b3c14b278df41231159361','::1',1573850043,X'5F5F63695F6C6173745F726567656E65726174657C693A313537333835303034313B757365727C4F3A383A22737464436C617373223A383A7B733A373A22757365725F6964223B733A333A22323139223B733A353A2270686F746F223B4E3B733A31303A2266697273745F6E616D65223B733A373A2256616C65726961223B733A393A226C6173745F6E616D65223B733A31303A22597572696E736B617961223B733A353A22656D61696C223B733A32373A2276616C65726961797572696E736B61796140676D61696C2E636F6D223B733A31323A22757365725F726F6C655F6964223B733A313A2231223B733A383A2267726F75705F6964223B733A313A2231223B733A31303A2267726F75705F6E616D65223B733A303A22223B7D6C6F67676564696E7C623A313B'),
	('f2888ff4e5f6926491653cf67c6aa94561413acb','::1',1573856119,X'5F5F63695F6C6173745F726567656E65726174657C693A313537333835363131393B757365727C4F3A383A22737464436C617373223A383A7B733A373A22757365725F6964223B733A333A22323535223B733A353A2270686F746F223B4E3B733A31303A2266697273745F6E616D65223B733A343A2254657473223B733A393A226C6173745F6E616D65223B733A333A22546574223B733A353A22656D61696C223B733A32313A226C657261303334393331344079616E6465782E7275223B733A31323A22757365725F726F6C655F6964223B733A313A2232223B733A383A2267726F75705F6964223B733A313A2231223B733A31303A2267726F75705F6E616D65223B733A303A22223B7D6C6F67676564696E7C623A313B'),
	('f292240eea4803fee20b4f3c7b79dfbb41768c69','::1',1573854242,X'5F5F63695F6C6173745F726567656E65726174657C693A313537333835343234313B757365727C4F3A383A22737464436C617373223A383A7B733A373A22757365725F6964223B733A333A22323139223B733A353A2270686F746F223B4E3B733A31303A2266697273745F6E616D65223B733A373A2256616C65726961223B733A393A226C6173745F6E616D65223B733A31303A22597572696E736B617961223B733A353A22656D61696C223B733A32373A2276616C65726961797572696E736B61796140676D61696C2E636F6D223B733A31323A22757365725F726F6C655F6964223B733A313A2231223B733A383A2267726F75705F6964223B733A313A2231223B733A31303A2267726F75705F6E616D65223B733A303A22223B7D6C6F67676564696E7C623A313B'),
	('f61a78f4263b6e2199719971b5e227001ef83b52','::1',1573852681,X'5F5F63695F6C6173745F726567656E65726174657C693A313537333835323638303B'),
	('f6fc22ec8a927b4154e95d7ee0f0aebcffa512d6','::1',1573852920,X'5F5F63695F6C6173745F726567656E65726174657C693A313537333835323932303B'),
	('f796591855fabe14e948cdf6d3156585be790c20','::1',1573852372,X'5F5F63695F6C6173745F726567656E65726174657C693A313537333835323337313B'),
	('f8a39d23914a3f60fc4fc024d458713e8cb209c8','::1',1573860506,X'5F5F63695F6C6173745F726567656E65726174657C693A313537333836303530363B'),
	('fc0bf7c1b2caf877913c8fef29ed1275c0036ccd','::1',1573855401,X'5F5F63695F6C6173745F726567656E65726174657C693A313537333835353430313B'),
	('fc2bacf83e1b54b4a926c3b895c5f6d025ccf6da','::1',1573852313,X'5F5F63695F6C6173745F726567656E65726174657C693A313537333835323331333B');

/*!40000 ALTER TABLE `ci_sessions` ENABLE KEYS */;
UNLOCK TABLES;


# Дамп таблицы pls_cleaning_options
# ------------------------------------------------------------

DROP TABLE IF EXISTS `pls_cleaning_options`;

CREATE TABLE `pls_cleaning_options` (
  `option_id` int(11) NOT NULL AUTO_INCREMENT,
  `name` varchar(255) NOT NULL,
  `description` varchar(500) DEFAULT NULL,
  `price` int(10) DEFAULT NULL,
  `currency` varchar(3) DEFAULT 'RUB',
  `status` tinyint(4) NOT NULL,
  `created_at` timestamp NOT NULL DEFAULT CURRENT_TIMESTAMP,
  `updated_at` timestamp NOT NULL DEFAULT '0000-00-00 00:00:00',
  `is_deleted` tinyint(1) NOT NULL DEFAULT '0',
  `deleted_at` timestamp NULL DEFAULT NULL,
  PRIMARY KEY (`option_id`)
) ENGINE=InnoDB DEFAULT CHARSET=utf8 ROW_FORMAT=COMPACT;

LOCK TABLES `pls_cleaning_options` WRITE;
/*!40000 ALTER TABLE `pls_cleaning_options` DISABLE KEYS */;

INSERT INTO `pls_cleaning_options` (`option_id`, `name`, `description`, `price`, `currency`, `status`, `created_at`, `updated_at`, `is_deleted`, `deleted_at`)
VALUES
	(1,'Kitchen',NULL,0,'RUB',1,'2018-01-31 10:41:08','0000-00-00 00:00:00',0,NULL),
	(2,'Bathroom',NULL,0,'RUB',1,'2018-01-31 10:47:49','0000-00-00 00:00:00',0,NULL),
	(3,'Whole apartment','test',200,'RUB',1,'2018-01-31 10:48:39','2019-10-27 13:16:44',0,NULL);

/*!40000 ALTER TABLE `pls_cleaning_options` ENABLE KEYS */;
UNLOCK TABLES;


# Дамп таблицы pls_email_templates
# ------------------------------------------------------------

DROP TABLE IF EXISTS `pls_email_templates`;

CREATE TABLE `pls_email_templates` (
  `template_id` int(11) unsigned NOT NULL AUTO_INCREMENT,
  `template_name` varchar(255) NOT NULL,
  `created_at` timestamp NULL DEFAULT CURRENT_TIMESTAMP,
  PRIMARY KEY (`template_id`)
) ENGINE=InnoDB DEFAULT CHARSET=utf8;

LOCK TABLES `pls_email_templates` WRITE;
/*!40000 ALTER TABLE `pls_email_templates` DISABLE KEYS */;

INSERT INTO `pls_email_templates` (`template_id`, `template_name`, `created_at`)
VALUES
	(1,'remind_password','2018-01-09 19:46:00'),
	(2,'email_verification','2018-01-09 19:46:39');

/*!40000 ALTER TABLE `pls_email_templates` ENABLE KEYS */;
UNLOCK TABLES;


# Дамп таблицы pls_email_templates_translations
# ------------------------------------------------------------

DROP TABLE IF EXISTS `pls_email_templates_translations`;

CREATE TABLE `pls_email_templates_translations` (
  `template_id` int(11) unsigned NOT NULL,
  `language` varchar(10) NOT NULL,
  `subject` varchar(255) NOT NULL,
  `body` text NOT NULL,
  PRIMARY KEY (`template_id`,`language`)
) ENGINE=InnoDB DEFAULT CHARSET=utf8;

LOCK TABLES `pls_email_templates_translations` WRITE;
/*!40000 ALTER TABLE `pls_email_templates_translations` DISABLE KEYS */;

INSERT INTO `pls_email_templates_translations` (`template_id`, `language`, `subject`, `body`)
VALUES
	(1,'en','Password reset','You\'re receiving this e-mail because you requested a password reset for your user account at {{web_site}}.<br/>Please go to the following page and choose a new password:<br/><br/>{{verification_link}}<br/><br/>Thanks for using our site!<br/><br/>PLS team'),
	(2,'en','Email verification','Dear {{full_name}}<br/><br/>Welcome to Skrill. In order to obtain access to all the features of your account, please verify your email address by clicking on the link below:<br/><br/>{{verification_link}}<br/><br/>If you have any questions about your account, please visit our web-site: {{web_site}}.<br/><br/>Best Regards,<br/><br/>PLS team');

/*!40000 ALTER TABLE `pls_email_templates_translations` ENABLE KEYS */;
UNLOCK TABLES;


# Дамп таблицы pls_orders
# ------------------------------------------------------------

DROP TABLE IF EXISTS `pls_orders`;

CREATE TABLE `pls_orders` (
  `order_id` int(11) NOT NULL AUTO_INCREMENT,
  `option_id` int(11) NOT NULL DEFAULT '0',
  `personnel_id` int(10) DEFAULT NULL,
  `student_id` int(11) NOT NULL,
  `order_date` timestamp NOT NULL DEFAULT CURRENT_TIMESTAMP,
  `payment_type` varchar(255) NOT NULL,
  `status` tinyint(4) NOT NULL,
  `reason_id` int(11) NOT NULL,
  `approved_by` int(11) DEFAULT NULL,
  `approved_at` timestamp NULL DEFAULT NULL,
  `created_at` timestamp NOT NULL DEFAULT CURRENT_TIMESTAMP,
  `created_by` int(11) NOT NULL,
  `updated_at` timestamp NOT NULL DEFAULT '0000-00-00 00:00:00',
  `updated_by` int(11) DEFAULT NULL,
  `is_deleted` tinyint(1) NOT NULL DEFAULT '0',
  `deleted_by` int(11) DEFAULT NULL,
  `deleted_at` timestamp NULL DEFAULT NULL,
  `draft_order_id` int(11) DEFAULT '0',
  PRIMARY KEY (`order_id`),
  KEY `category_id` (`option_id`),
  KEY `partner_id` (`student_id`),
  KEY `status` (`status`),
  KEY `is_deleted` (`is_deleted`)
) ENGINE=InnoDB DEFAULT CHARSET=utf8 ROW_FORMAT=COMPACT;

LOCK TABLES `pls_orders` WRITE;
/*!40000 ALTER TABLE `pls_orders` DISABLE KEYS */;

INSERT INTO `pls_orders` (`order_id`, `option_id`, `personnel_id`, `student_id`, `order_date`, `payment_type`, `status`, `reason_id`, `approved_by`, `approved_at`, `created_at`, `created_by`, `updated_at`, `updated_by`, `is_deleted`, `deleted_by`, `deleted_at`, `draft_order_id`)
VALUES
	(1,2,NULL,0,'2019-10-22 00:00:00','',1,0,NULL,NULL,'2019-10-22 11:19:16',1,'2019-10-22 11:25:32',1,0,NULL,NULL,0),
	(2,2,NULL,0,'2019-10-22 00:00:00','',1,0,NULL,NULL,'2019-10-22 11:19:16',1,'2019-11-12 14:50:16',1,1,219,'2019-11-12 14:50:16',1),
	(3,3,2,213,'2019-10-23 00:00:00','card',1,0,1,'2019-10-23 16:20:31','2019-10-22 12:29:05',213,'2019-10-23 16:23:54',1,0,NULL,NULL,0),
	(4,3,2,213,'2019-10-23 00:00:00','card',1,0,1,'2019-10-23 16:20:31','2019-10-22 12:29:05',213,'2019-11-13 14:41:42',1,1,219,'2019-11-13 14:41:42',3),
	(5,3,2,218,'0000-00-00 00:00:00','cash',1,0,NULL,NULL,'2019-10-23 11:21:27',218,'2019-11-13 14:37:33',NULL,0,NULL,NULL,0),
	(6,3,2,218,'0000-00-00 00:00:00','cash',1,0,NULL,NULL,'2019-10-23 11:21:27',218,'2019-11-13 14:39:41',NULL,1,219,'2019-11-13 14:39:41',5),
	(7,2,2,218,'2020-07-23 00:00:00','cash',1,0,1,'2019-10-23 12:22:22','2019-10-23 11:22:57',218,'2019-11-12 12:29:43',1,0,NULL,NULL,0),
	(8,2,2,218,'2020-07-23 00:00:00','cash',1,0,1,'2019-10-23 12:22:22','2019-10-23 11:22:57',218,'2019-11-13 14:38:47',1,1,219,'2019-11-13 14:38:47',7),
	(10,0,NULL,0,'2019-10-27 16:33:08','',-2,0,NULL,NULL,'2019-10-27 16:33:08',0,'0000-00-00 00:00:00',NULL,0,NULL,NULL,0),
	(11,0,NULL,213,'2019-10-27 21:23:15','',-2,0,NULL,NULL,'2019-10-27 21:23:15',0,'0000-00-00 00:00:00',NULL,0,NULL,NULL,0),
	(12,0,NULL,219,'2019-11-06 17:06:59','',-2,0,NULL,NULL,'2019-11-06 17:06:59',0,'0000-00-00 00:00:00',NULL,0,NULL,NULL,0),
	(13,0,NULL,219,'2019-11-06 19:41:01','',-2,0,NULL,NULL,'2019-11-06 19:41:01',0,'0000-00-00 00:00:00',NULL,0,NULL,NULL,0),
	(14,0,NULL,220,'2019-11-07 03:18:37','',-2,0,NULL,NULL,'2019-11-07 03:18:37',0,'0000-00-00 00:00:00',NULL,0,NULL,NULL,0),
	(15,0,NULL,238,'2019-11-07 10:35:11','card',-2,0,NULL,NULL,'2019-11-07 10:35:11',238,'0000-00-00 00:00:00',NULL,0,NULL,NULL,0),
	(16,0,NULL,239,'2019-11-07 10:37:56','card',-2,0,NULL,NULL,'2019-11-07 10:37:56',239,'0000-00-00 00:00:00',NULL,0,NULL,NULL,0),
	(17,0,NULL,240,'2019-11-07 10:37:56','card',-2,0,NULL,NULL,'2019-11-07 10:37:56',240,'0000-00-00 00:00:00',NULL,0,NULL,NULL,0),
	(18,3,NULL,219,'2019-11-22 00:00:00','',2,3,NULL,NULL,'2019-11-12 14:22:05',0,'2019-11-12 14:19:42',NULL,0,NULL,NULL,0),
	(19,3,NULL,219,'0000-00-00 00:00:00','',2,3,NULL,NULL,'2019-11-12 14:22:05',0,'2019-11-13 14:35:54',NULL,1,219,'2019-11-13 14:35:54',18),
	(20,0,NULL,219,'2019-11-12 16:27:51','',-2,0,NULL,NULL,'2019-11-12 16:27:51',0,'0000-00-00 00:00:00',NULL,0,NULL,NULL,0),
	(21,0,NULL,219,'2019-11-12 16:31:24','',-2,0,NULL,NULL,'2019-11-12 16:31:24',0,'0000-00-00 00:00:00',NULL,0,NULL,NULL,0),
	(22,0,NULL,219,'2019-11-12 16:31:53','',-2,0,NULL,NULL,'2019-11-12 16:31:53',0,'0000-00-00 00:00:00',NULL,0,NULL,NULL,0),
	(23,0,NULL,219,'2019-11-12 16:32:44','',-2,0,NULL,NULL,'2019-11-12 16:32:44',0,'0000-00-00 00:00:00',NULL,0,NULL,NULL,0),
	(24,0,NULL,219,'2019-11-12 16:33:33','',-2,0,NULL,NULL,'2019-11-12 16:33:33',0,'0000-00-00 00:00:00',NULL,0,NULL,NULL,0),
	(25,0,NULL,219,'2019-11-12 16:33:49','',-2,0,NULL,NULL,'2019-11-12 16:33:49',0,'0000-00-00 00:00:00',NULL,0,NULL,NULL,0),
	(26,0,NULL,219,'2019-11-12 16:34:13','',-2,0,NULL,NULL,'2019-11-12 16:34:13',0,'0000-00-00 00:00:00',NULL,0,NULL,NULL,0),
	(27,0,NULL,219,'2019-11-12 16:34:57','',-2,0,NULL,NULL,'2019-11-12 16:34:57',0,'0000-00-00 00:00:00',NULL,0,NULL,NULL,0),
	(28,0,NULL,219,'2019-11-12 16:35:30','',-2,0,NULL,NULL,'2019-11-12 16:35:30',0,'0000-00-00 00:00:00',NULL,0,NULL,NULL,0),
	(29,0,NULL,219,'2019-11-12 16:36:00','',-2,0,NULL,NULL,'2019-11-12 16:36:00',0,'0000-00-00 00:00:00',NULL,0,NULL,NULL,0),
	(30,0,NULL,219,'2019-11-12 16:36:25','',-2,0,NULL,NULL,'2019-11-12 16:36:25',0,'0000-00-00 00:00:00',NULL,0,NULL,NULL,0),
	(31,0,NULL,219,'2019-11-12 16:37:58','',-2,0,NULL,NULL,'2019-11-12 16:37:58',0,'0000-00-00 00:00:00',NULL,0,NULL,NULL,0),
	(32,0,NULL,219,'2019-11-12 16:38:24','',-2,0,NULL,NULL,'2019-11-12 16:38:24',0,'0000-00-00 00:00:00',NULL,0,NULL,NULL,0),
	(33,0,NULL,219,'2019-11-12 16:38:51','',-2,0,NULL,NULL,'2019-11-12 16:38:51',0,'0000-00-00 00:00:00',NULL,0,NULL,NULL,0),
	(34,0,NULL,219,'2019-11-12 16:39:44','',-2,0,NULL,NULL,'2019-11-12 16:39:44',0,'0000-00-00 00:00:00',NULL,0,NULL,NULL,0),
	(35,0,NULL,0,'2019-11-12 17:00:22','',-2,0,NULL,NULL,'2019-11-12 17:00:22',0,'0000-00-00 00:00:00',NULL,0,NULL,NULL,0),
	(36,0,NULL,219,'2019-11-12 17:03:55','',-2,0,NULL,NULL,'2019-11-12 17:03:55',0,'0000-00-00 00:00:00',NULL,0,NULL,NULL,0),
	(37,0,NULL,219,'2019-11-12 18:34:28','',0,0,NULL,NULL,'2019-11-12 18:34:28',0,'0000-00-00 00:00:00',NULL,0,NULL,NULL,0),
	(38,0,NULL,219,'2019-11-12 18:35:14','',0,0,NULL,NULL,'2019-11-12 18:35:14',0,'0000-00-00 00:00:00',NULL,0,NULL,NULL,0),
	(39,0,NULL,219,'2019-11-12 18:57:40','',0,0,NULL,NULL,'2019-11-12 18:57:40',0,'0000-00-00 00:00:00',NULL,0,NULL,NULL,0),
	(40,0,NULL,219,'2019-11-12 23:53:01','',0,0,NULL,NULL,'2019-11-12 23:53:01',0,'0000-00-00 00:00:00',NULL,0,NULL,NULL,0),
	(41,3,NULL,219,'2019-11-12 00:00:00','',2,4,NULL,NULL,'2019-11-12 23:56:00',0,'2019-11-12 21:56:07',NULL,0,NULL,NULL,0),
	(42,3,NULL,219,'0000-00-00 00:00:00','',2,4,NULL,NULL,'2019-11-12 23:56:00',0,'2019-11-13 14:09:47',NULL,1,219,'2019-11-13 14:09:47',41),
	(43,3,NULL,219,'2019-11-13 00:00:00','',2,4,NULL,NULL,'2019-11-13 16:15:29',0,'2019-11-13 14:15:43',NULL,0,NULL,NULL,0),
	(44,3,NULL,219,'0000-00-00 00:00:00','',2,4,NULL,NULL,'2019-11-13 16:15:29',0,'2019-11-13 14:16:00',NULL,1,219,'2019-11-13 14:16:00',43),
	(45,3,NULL,219,'2019-11-13 00:00:00','',2,4,NULL,NULL,'2019-11-13 16:35:58',0,'2019-11-13 14:36:03',NULL,0,NULL,NULL,0),
	(46,3,NULL,219,'2019-11-13 00:00:00','',2,4,NULL,NULL,'2019-11-13 16:35:58',0,'2019-11-13 14:37:13',NULL,1,219,'2019-11-13 14:37:13',45),
	(47,3,2,0,'2019-11-13 00:00:00','cash',1,0,NULL,NULL,'2019-11-13 16:42:33',0,'2019-11-13 14:42:42',NULL,0,NULL,NULL,0),
	(48,3,2,0,'2019-11-13 00:00:00','cash',1,0,NULL,NULL,'2019-11-13 16:42:33',0,'2019-11-13 14:42:58',NULL,1,219,'2019-11-13 14:42:58',47),
	(49,3,2,0,'2019-11-13 00:00:00','cash',1,0,NULL,NULL,'2019-11-13 16:44:16',0,'2019-11-13 14:46:08',NULL,0,NULL,NULL,0),
	(50,3,2,0,'2019-11-13 00:00:00','cash',1,0,NULL,NULL,'2019-11-13 16:44:16',0,'2019-11-13 14:46:23',NULL,1,219,'2019-11-13 14:46:23',49),
	(51,0,NULL,0,'2019-11-13 16:47:18','',-2,0,NULL,NULL,'2019-11-13 16:47:18',0,'0000-00-00 00:00:00',NULL,0,NULL,NULL,0),
	(52,3,2,0,'2019-11-13 00:00:00','cash',1,0,NULL,NULL,'2019-11-13 16:49:26',0,'2019-11-13 15:17:52',NULL,0,NULL,NULL,0),
	(53,3,2,0,'2019-11-13 00:00:00','cash',1,0,NULL,NULL,'2019-11-13 16:49:26',0,'2019-11-13 15:21:29',NULL,1,219,'2019-11-13 15:21:29',52),
	(54,3,2,0,'2019-11-13 00:00:00','cash',1,0,NULL,NULL,'2019-11-13 17:21:37',0,'2019-11-13 15:23:44',NULL,0,NULL,NULL,0),
	(55,3,2,0,'2019-11-13 00:00:00','cash',1,0,NULL,NULL,'2019-11-13 17:21:37',0,'2019-11-13 15:23:51',NULL,1,219,'2019-11-13 15:23:51',54),
	(56,3,2,0,'2019-11-13 00:00:00','cash',1,0,NULL,NULL,'2019-11-13 17:24:34',0,'2019-11-13 15:24:57',NULL,0,NULL,NULL,0),
	(57,3,2,0,'2019-11-13 00:00:00','cash',1,0,NULL,NULL,'2019-11-13 17:24:34',0,'2019-11-13 15:25:04',NULL,1,219,'2019-11-13 15:25:04',56),
	(58,3,2,0,'2019-11-13 00:00:00','cash',1,0,NULL,NULL,'2019-11-13 17:28:15',0,'2019-11-13 15:28:28',NULL,0,NULL,NULL,0),
	(59,3,2,0,'2019-11-13 00:00:00','cash',1,0,NULL,NULL,'2019-11-13 17:28:15',0,'2019-11-13 15:28:35',NULL,1,219,'2019-11-13 15:28:35',58),
	(60,3,2,0,'2019-11-13 00:00:00','cash',1,0,NULL,NULL,'2019-11-13 17:31:34',0,'2019-11-13 15:31:42',NULL,0,NULL,NULL,0),
	(61,3,2,0,'2019-11-13 00:00:00','cash',1,0,NULL,NULL,'2019-11-13 17:31:34',0,'2019-11-13 15:33:47',NULL,1,219,'2019-11-13 15:33:47',60),
	(62,3,2,0,'2019-11-13 00:00:00','cash',1,0,NULL,NULL,'2019-11-13 17:31:52',0,'2019-11-13 15:31:58',NULL,0,NULL,NULL,0),
	(63,3,2,0,'2019-11-13 00:00:00','cash',1,0,NULL,NULL,'2019-11-13 17:31:52',0,'2019-11-13 15:32:07',NULL,1,219,'2019-11-13 15:32:07',62),
	(64,3,2,0,'2019-11-13 00:00:00','cash',1,0,NULL,NULL,'2019-11-13 17:32:41',0,'2019-11-13 15:32:48',NULL,0,NULL,NULL,0),
	(65,3,2,0,'2019-11-13 00:00:00','cash',1,0,NULL,NULL,'2019-11-13 17:32:41',0,'2019-11-13 15:32:54',NULL,1,219,'2019-11-13 15:32:54',64),
	(66,0,NULL,0,'2019-11-13 17:34:10','',-2,0,NULL,NULL,'2019-11-13 17:34:10',0,'0000-00-00 00:00:00',NULL,0,NULL,NULL,0),
	(67,3,2,0,'2019-11-13 00:00:00','cash',1,0,NULL,NULL,'2019-11-13 20:22:01',0,'2019-11-13 18:22:09',NULL,0,NULL,NULL,0),
	(68,3,2,0,'2019-11-13 00:00:00','cash',1,0,NULL,NULL,'2019-11-13 20:22:01',0,'2019-11-13 18:22:20',NULL,1,219,'2019-11-13 18:22:20',67),
	(69,3,2,0,'2019-11-13 00:00:00','cash',1,0,NULL,NULL,'2019-11-13 20:22:26',0,'2019-11-13 20:44:28',NULL,0,NULL,NULL,0),
	(70,3,2,0,'2019-11-13 00:00:00','cash',1,0,NULL,NULL,'2019-11-13 20:22:26',0,'2019-11-14 10:43:53',NULL,1,219,'2019-11-14 10:43:53',69),
	(71,3,2,0,'2019-11-14 00:00:00','cash',1,0,NULL,NULL,'2019-11-14 12:48:43',0,'2019-11-14 10:49:49',NULL,0,NULL,NULL,0),
	(72,3,2,0,'2019-11-14 00:00:00','cash',1,0,NULL,NULL,'2019-11-14 12:48:43',0,'2019-11-14 10:49:55',NULL,1,219,'2019-11-14 10:49:55',71),
	(73,3,2,0,'2019-11-14 00:00:00','cash',1,0,NULL,NULL,'2019-11-14 12:50:26',0,'2019-11-14 10:50:33',NULL,0,NULL,NULL,0),
	(74,3,2,0,'2019-11-14 00:00:00','cash',1,0,NULL,NULL,'2019-11-14 12:50:26',0,'2019-11-14 10:50:38',NULL,1,219,'2019-11-14 10:50:38',73),
	(75,3,2,0,'2019-11-14 00:00:00','cash',1,0,NULL,NULL,'2019-11-14 12:52:16',0,'2019-11-15 18:18:01',NULL,0,NULL,NULL,0),
	(76,3,2,0,'2019-11-14 00:00:00','cash',1,0,NULL,NULL,'2019-11-14 12:52:16',0,'2019-11-15 18:24:43',NULL,1,219,'2019-11-15 18:24:43',75),
	(77,3,2,0,'2019-11-14 00:00:00','cash',1,0,NULL,NULL,'2019-11-14 12:55:50',0,'2019-11-14 10:55:58',NULL,0,NULL,NULL,0),
	(78,3,2,0,'2019-11-14 00:00:00','cash',1,0,NULL,NULL,'2019-11-14 12:55:50',0,'2019-11-14 21:05:28',NULL,1,219,'2019-11-14 21:05:28',77),
	(79,3,NULL,219,'2019-11-14 00:00:00','',2,4,NULL,NULL,'2019-11-14 23:03:39',0,'2019-11-14 21:03:46',NULL,0,NULL,NULL,0),
	(80,3,NULL,219,'0000-00-00 00:00:00','',2,4,NULL,NULL,'2019-11-14 23:03:39',0,'2019-11-14 21:03:56',NULL,1,219,'2019-11-14 21:03:56',79),
	(81,3,NULL,219,'2019-11-14 00:00:00','',4,0,NULL,NULL,'2019-11-14 23:03:59',0,'2019-11-14 21:05:00',NULL,0,NULL,NULL,0),
	(82,3,NULL,219,'2019-11-14 00:00:00','',4,4,NULL,NULL,'2019-11-14 23:03:59',0,'2019-11-14 21:42:58',NULL,1,219,'2019-11-14 21:42:58',81),
	(83,3,2,0,'2019-11-14 00:00:00','cash',1,0,NULL,NULL,'2019-11-14 23:33:27',0,'2019-11-14 21:33:45',NULL,0,NULL,NULL,0),
	(84,3,2,0,'2019-11-14 00:00:00','cash',1,0,NULL,NULL,'2019-11-14 23:33:27',0,'2019-11-14 21:33:50',NULL,1,219,'2019-11-14 21:33:50',83),
	(85,3,2,0,'2019-11-15 00:00:00','cash',1,0,NULL,NULL,'2019-11-15 20:18:35',0,'2019-11-15 18:18:43',NULL,0,NULL,NULL,0),
	(86,3,2,0,'2019-11-15 00:00:00','cash',1,0,NULL,NULL,'2019-11-15 20:18:35',0,'2019-11-15 18:18:50',NULL,1,219,'2019-11-15 18:18:50',85),
	(87,3,2,0,'2019-11-15 00:00:00','cash',1,0,NULL,NULL,'2019-11-15 20:21:41',0,'2019-11-15 18:21:49',NULL,0,NULL,NULL,0),
	(88,3,2,0,'2019-11-15 00:00:00','cash',1,0,NULL,NULL,'2019-11-15 20:21:41',0,'2019-11-15 18:21:55',NULL,1,219,'2019-11-15 18:21:55',87),
	(89,3,2,0,'2019-11-15 00:00:00','cash',1,0,NULL,NULL,'2019-11-15 20:23:10',0,'2019-11-15 18:23:43',NULL,0,NULL,NULL,0),
	(90,3,2,0,'2019-11-15 00:00:00','cash',1,0,NULL,NULL,'2019-11-15 20:23:10',0,'2019-11-15 18:23:50',NULL,1,219,'2019-11-15 18:23:50',89),
	(91,3,2,0,'2019-11-15 00:00:00','card',1,0,NULL,NULL,'2019-11-15 20:28:16',0,'2019-11-15 18:28:26',NULL,0,NULL,NULL,0),
	(92,3,2,0,'2019-11-15 00:00:00','card',1,0,NULL,NULL,'2019-11-15 20:28:16',0,'2019-11-15 18:28:33',NULL,1,219,'2019-11-15 18:28:33',91),
	(93,3,NULL,219,'2019-11-15 00:00:00','',2,4,NULL,NULL,'2019-11-15 20:35:38',0,'2019-11-15 18:38:02',NULL,0,NULL,NULL,0),
	(94,3,NULL,219,'0000-00-00 00:00:00','',2,4,NULL,NULL,'2019-11-15 20:35:38',0,'2019-11-15 18:38:53',NULL,1,219,'2019-11-15 18:38:53',93),
	(95,3,NULL,219,'2019-11-15 00:00:00','',2,4,NULL,NULL,'2019-11-15 20:40:23',0,'2019-11-15 18:40:28',NULL,0,NULL,NULL,0),
	(96,3,NULL,219,'0000-00-00 00:00:00','',2,4,NULL,NULL,'2019-11-15 20:40:23',0,'2019-11-15 18:40:36',NULL,1,219,'2019-11-15 18:40:36',95),
	(97,3,NULL,219,'2019-11-15 00:00:00','',2,4,NULL,NULL,'2019-11-15 20:45:38',0,'2019-11-15 18:45:43',NULL,0,NULL,NULL,0),
	(98,3,NULL,219,'0000-00-00 00:00:00','',2,4,NULL,NULL,'2019-11-15 20:45:38',0,'2019-11-15 18:45:49',NULL,1,219,'2019-11-15 18:45:49',97),
	(99,3,NULL,219,'2019-11-15 00:00:00','',2,4,NULL,NULL,'2019-11-15 20:48:33',0,'2019-11-15 18:48:40',NULL,0,NULL,NULL,0),
	(100,3,NULL,219,'0000-00-00 00:00:00','',2,4,NULL,NULL,'2019-11-15 20:48:33',0,'2019-11-15 18:48:46',NULL,1,219,'2019-11-15 18:48:46',99),
	(101,3,NULL,219,'2019-11-15 00:00:00','',2,3,NULL,NULL,'2019-11-15 20:56:40',0,'2019-11-15 18:56:54',NULL,0,NULL,NULL,0),
	(102,3,NULL,219,'0000-00-00 00:00:00','',2,3,NULL,NULL,'2019-11-15 20:56:40',0,'2019-11-15 18:57:00',NULL,1,219,'2019-11-15 18:57:00',101),
	(103,3,NULL,219,'0000-00-00 00:00:00','',2,3,NULL,NULL,'2019-11-15 20:58:21',0,'2019-11-15 18:58:52',NULL,0,NULL,'0000-00-00 00:00:00',0),
	(104,3,NULL,219,'0000-00-00 00:00:00','',2,3,NULL,NULL,'2019-11-15 20:58:21',0,'2019-11-15 18:58:59',NULL,1,219,'2019-11-15 18:58:59',103),
	(105,3,NULL,219,'2019-11-15 00:00:00','',2,3,NULL,NULL,'2019-11-15 21:00:02',0,'2019-11-15 19:00:22',NULL,0,NULL,NULL,0),
	(106,3,NULL,219,'2019-11-15 00:00:00','',2,3,NULL,NULL,'2019-11-15 21:00:02',0,'2019-11-15 19:00:28',NULL,1,219,'2019-11-15 19:00:28',105),
	(107,3,NULL,219,'2019-11-15 00:00:00','',2,3,NULL,NULL,'2019-11-15 21:03:13',0,'2019-11-15 19:03:18',NULL,0,NULL,NULL,0),
	(108,3,NULL,219,'2019-11-15 00:00:00','',2,3,NULL,NULL,'2019-11-15 21:03:13',0,'2019-11-15 19:03:40',NULL,1,219,'2019-11-15 19:03:40',107),
	(109,3,NULL,219,'2019-11-15 00:00:00','',2,3,NULL,NULL,'2019-11-15 21:06:07',0,'2019-11-15 19:06:16',NULL,0,NULL,NULL,0),
	(110,3,NULL,219,'2019-11-15 00:00:00','',2,3,NULL,NULL,'2019-11-15 21:06:07',0,'2019-11-15 19:06:23',NULL,1,219,'2019-11-15 19:06:23',109),
	(111,3,NULL,219,'2019-11-15 00:00:00','',2,3,NULL,NULL,'2019-11-15 21:07:52',0,'2019-11-15 19:07:57',NULL,0,NULL,NULL,0),
	(112,3,NULL,219,'2019-11-15 00:00:00','',2,3,NULL,NULL,'2019-11-15 21:07:52',0,'2019-11-15 19:09:33',NULL,1,219,'2019-11-15 19:09:33',111),
	(113,3,NULL,219,'2019-11-15 00:00:00','',2,3,NULL,NULL,'2019-11-15 21:09:43',0,'2019-11-15 19:09:48',NULL,0,NULL,NULL,0),
	(114,3,NULL,219,'2019-11-15 00:00:00','',2,3,NULL,NULL,'2019-11-15 21:09:43',0,'2019-11-15 19:09:54',NULL,1,219,'2019-11-15 19:09:54',113),
	(115,3,NULL,219,'2019-11-15 00:00:00','',2,3,NULL,NULL,'2019-11-15 21:16:38',0,'2019-11-15 19:16:57',NULL,0,NULL,NULL,0),
	(116,3,NULL,219,'2019-11-15 00:00:00','',2,3,NULL,NULL,'2019-11-15 21:16:38',0,'2019-11-15 19:17:06',NULL,1,219,'2019-11-15 19:17:06',115),
	(117,3,NULL,219,'2019-11-15 00:00:00','',2,3,NULL,NULL,'2019-11-15 21:22:16',0,'2019-11-15 19:22:21',NULL,0,NULL,NULL,0),
	(118,3,NULL,219,'2019-11-15 00:00:00','',2,3,NULL,NULL,'2019-11-15 21:22:16',0,'2019-11-15 19:22:27',NULL,1,219,'2019-11-15 19:22:27',117),
	(119,3,NULL,219,'2019-11-15 00:00:00','',2,3,NULL,NULL,'2019-11-15 21:27:02',0,'2019-11-15 19:27:07',NULL,0,NULL,NULL,0),
	(120,3,NULL,219,'2019-11-15 00:00:00','',2,3,NULL,NULL,'2019-11-15 21:27:02',0,'2019-11-15 19:27:13',NULL,1,219,'2019-11-15 19:27:13',119),
	(121,3,NULL,219,'2019-11-15 00:00:00','',2,3,NULL,NULL,'2019-11-15 21:32:20',0,'2019-11-15 19:32:32',NULL,1,219,'2019-11-15 19:32:32',0),
	(122,3,NULL,219,'2019-11-15 00:00:00','',2,3,NULL,NULL,'2019-11-15 21:32:20',0,'2019-11-15 19:32:32',NULL,1,219,'2019-11-15 19:32:32',121),
	(123,3,NULL,219,'2019-11-15 00:00:00','',2,3,NULL,NULL,'2019-11-15 21:33:17',0,'2019-11-15 19:33:27',NULL,1,219,'2019-11-15 19:33:27',0),
	(124,3,NULL,219,'2019-11-15 00:00:00','',2,3,NULL,NULL,'2019-11-15 21:33:17',0,'2019-11-15 19:33:27',NULL,1,219,'2019-11-15 19:33:27',123),
	(125,3,NULL,219,'2019-11-15 00:00:00','',2,3,NULL,NULL,'2019-11-15 21:34:24',0,'2019-11-15 19:34:35',NULL,1,219,'2019-11-15 19:34:35',0),
	(126,3,NULL,219,'2019-11-15 00:00:00','',2,3,NULL,NULL,'2019-11-15 21:34:24',0,'2019-11-15 19:34:35',NULL,1,219,'2019-11-15 19:34:35',125),
	(127,0,NULL,219,'2019-11-15 21:35:53','',-2,0,NULL,NULL,'2019-11-15 21:35:53',0,'0000-00-00 00:00:00',NULL,0,NULL,NULL,0),
	(128,3,NULL,219,'2019-11-15 00:00:00','',2,3,NULL,NULL,'2019-11-15 21:35:53',0,'2019-11-15 19:36:03',NULL,1,219,'2019-11-15 19:36:03',0),
	(129,3,NULL,219,'2019-11-15 00:00:00','',2,3,NULL,NULL,'2019-11-15 21:35:53',0,'2019-11-15 19:36:03',NULL,1,219,'2019-11-15 19:36:03',128),
	(130,3,NULL,219,'2019-11-15 00:00:00','',2,3,NULL,NULL,'2019-11-15 21:36:18',0,'2019-11-15 19:36:29',NULL,1,219,'2019-11-15 19:36:29',0),
	(131,3,NULL,219,'2019-11-15 00:00:00','',2,3,NULL,NULL,'2019-11-15 21:36:18',0,'2019-11-15 19:36:29',NULL,1,219,'2019-11-15 19:36:29',130),
	(132,0,NULL,0,'2019-11-15 21:38:22','',-2,0,NULL,NULL,'2019-11-15 21:38:22',0,'0000-00-00 00:00:00',NULL,0,NULL,NULL,0),
	(133,3,2,0,'2019-11-15 00:00:00','cash',1,0,NULL,NULL,'2019-11-15 21:38:39',0,'2019-11-15 19:38:55',NULL,1,219,'2019-11-15 19:38:55',0),
	(134,3,2,0,'2019-11-15 00:00:00','cash',1,0,NULL,NULL,'2019-11-15 21:38:39',0,'2019-11-15 19:38:55',NULL,1,219,'2019-11-15 19:38:55',133),
	(135,3,2,0,'2019-11-15 00:00:00','cash',1,0,NULL,NULL,'2019-11-15 21:41:15',0,'2019-11-15 19:41:27',NULL,1,219,'2019-11-15 19:41:27',0),
	(136,3,2,0,'2019-11-15 00:00:00','cash',1,0,NULL,NULL,'2019-11-15 21:41:15',0,'2019-11-15 19:41:27',NULL,1,219,'2019-11-15 19:41:27',135),
	(137,3,2,0,'2019-11-15 00:00:00','cash',1,0,NULL,NULL,'2019-11-15 21:45:06',0,'2019-11-15 19:45:23',NULL,1,219,'2019-11-15 19:45:23',0),
	(138,3,2,0,'2019-11-15 00:00:00','cash',1,0,NULL,NULL,'2019-11-15 21:45:06',0,'2019-11-15 19:45:23',NULL,1,219,'2019-11-15 19:45:23',137),
	(139,3,2,255,'2019-11-15 00:00:00','cash',1,0,NULL,'2019-11-15 19:50:48','2019-11-15 21:50:13',0,'2019-11-15 23:18:19',NULL,1,219,'2019-11-15 23:18:19',0),
	(140,3,2,255,'2019-11-15 00:00:00','cash',1,0,NULL,'2019-11-15 19:50:48','2019-11-15 21:50:13',0,'2019-11-15 23:18:19',NULL,1,219,'2019-11-15 23:18:19',139),
	(141,3,2,255,'2019-11-16 00:00:00','cash',1,0,NULL,'2019-11-15 22:12:47','2019-11-16 00:12:09',0,'2019-11-15 22:17:56',NULL,1,219,'2019-11-15 22:17:56',0),
	(142,3,2,255,'2019-11-16 00:00:00','cash',1,0,NULL,'2019-11-15 22:12:47','2019-11-16 00:12:09',0,'2019-11-15 22:17:56',NULL,1,219,'2019-11-15 22:17:56',141),
	(143,3,NULL,255,'2019-11-16 00:00:00','',4,0,NULL,NULL,'2019-11-16 00:21:29',0,'2019-11-15 23:05:10',NULL,1,219,'2019-11-15 23:05:10',0),
	(144,3,NULL,255,'2019-11-16 00:00:00','',4,3,NULL,NULL,'2019-11-16 00:21:29',0,'2019-11-15 23:05:10',NULL,1,219,'2019-11-15 23:05:10',143),
	(145,3,NULL,255,'2019-11-16 00:00:00','',4,0,NULL,NULL,'2019-11-16 00:25:13',0,'2019-11-15 22:25:40',NULL,0,NULL,NULL,0),
	(146,3,NULL,255,'2019-11-16 00:00:00','',4,3,NULL,NULL,'2019-11-16 00:25:13',0,'2019-11-15 22:25:40',NULL,0,NULL,NULL,145),
	(147,3,NULL,255,'2019-11-16 00:00:00','',4,0,NULL,NULL,'2019-11-16 00:27:16',0,'2019-11-15 22:27:48',NULL,0,NULL,NULL,0),
	(148,3,NULL,255,'2019-11-16 00:00:00','',4,3,NULL,NULL,'2019-11-16 00:27:16',0,'2019-11-15 22:27:48',NULL,0,NULL,NULL,147),
	(149,3,2,255,'2019-11-16 00:00:00','cash',5,0,NULL,'2019-11-16 00:28:22','2019-11-16 01:15:19',0,'2019-11-16 00:29:33',NULL,0,NULL,NULL,0),
	(150,3,2,255,'2019-11-16 00:00:00','cash',5,0,NULL,'2019-11-16 00:28:22','2019-11-16 01:15:19',0,'2019-11-16 00:29:33',NULL,0,NULL,NULL,149),
	(151,3,2,255,'2019-11-16 00:00:00','cash',5,0,NULL,'2019-11-15 23:16:06','2019-11-16 01:15:27',0,'2019-11-15 23:18:03',NULL,1,219,'2019-11-15 23:18:03',0),
	(152,3,2,255,'2019-11-16 00:00:00','cash',5,0,NULL,'2019-11-15 23:16:06','2019-11-16 01:15:27',0,'2019-11-15 23:18:03',NULL,1,219,'2019-11-15 23:18:03',151);

/*!40000 ALTER TABLE `pls_orders` ENABLE KEYS */;
UNLOCK TABLES;


# Дамп таблицы pls_orders_translations
# ------------------------------------------------------------

DROP TABLE IF EXISTS `pls_orders_translations`;

CREATE TABLE `pls_orders_translations` (
  `order_id` int(11) NOT NULL,
  `lang` varchar(10) NOT NULL,
  `name` varchar(255) NOT NULL,
  `description` text NOT NULL,
  `search_keywords` varchar(255) NOT NULL,
  PRIMARY KEY (`order_id`,`lang`),
  FULLTEXT KEY `name` (`name`),
  FULLTEXT KEY `name_description` (`name`,`description`,`search_keywords`)
) ENGINE=MyISAM DEFAULT CHARSET=utf8 ROW_FORMAT=DYNAMIC;

LOCK TABLES `pls_orders_translations` WRITE;
/*!40000 ALTER TABLE `pls_orders_translations` DISABLE KEYS */;

INSERT INTO `pls_orders_translations` (`order_id`, `lang`, `name`, `description`, `search_keywords`)
VALUES
	(1,'en','3-234','test',''),
	(2,'en','3-234','test',''),
	(3,'en','test','test xi',''),
	(4,'en','test','test xi',''),
	(6,'en','eeeee','ee',''),
	(7,'en','3-322','my comment',''),
	(8,'en','3-322','my comment',''),
	(9,'en','2333','e',''),
	(18,'en','3-415','Clean',''),
	(19,'en','3-415','Clean',''),
	(41,'en','vrf','rfr',''),
	(42,'en','vrf','rfr',''),
	(43,'en','gjjrgnr','derg',''),
	(44,'en','gjjrgnr','derg',''),
	(45,'en','sdfghjm','sdfghjk',''),
	(46,'en','sdfghjm','sdfghjk',''),
	(5,'en','eeeee','ee',''),
	(47,'en','ertref','sdfg',''),
	(48,'en','ertref','sdfg',''),
	(49,'en','jchj','lkjhgfghjk',''),
	(50,'en','jchj','lkjhgfghjk',''),
	(52,'en','kjhgf','kjhg',''),
	(53,'en','kjhgf','kjhg',''),
	(54,'en','gfdfghjkjhg','liuf',''),
	(55,'en','gfdfghjkjhg','liuf',''),
	(56,'en','sedf','sdfg',''),
	(57,'en','sedf','sdfg',''),
	(58,'en','lkjhgc','jhgf',''),
	(59,'en','lkjhgc','jhgf',''),
	(60,'en',';lkjhv','lkjhbv',''),
	(61,'en',';lkjhv','lkjhbv',''),
	(62,'en','.,mnbv','.kljhnbv',''),
	(63,'en','.,mnbv','.kljhnbv',''),
	(64,'en',',mnbv',',.mnb',''),
	(65,'en',',mnbv',',.mnb',''),
	(67,'en','frgrg','grgrgr',''),
	(68,'en','frgrg','grgrgr',''),
	(69,'en','rgrgergdgg','gergergfefdgvwdwd',''),
	(70,'en','rgrgergdgg','gergergfefdgv',''),
	(71,'en','jkhggcvhbj','mnbhvgc',''),
	(72,'en','jkhggcvhbj','mnbhvgc',''),
	(73,'en','lkhgf','lkjhg',''),
	(74,'en','lkhgf','lkjhg',''),
	(75,'en','kjhgffdf','jhgf',''),
	(76,'en','kjhgffdf','jhgf',''),
	(77,'en','kjhgfhj','jhgf',''),
	(78,'en','kjhgfhj','jhgf',''),
	(79,'en','dfghjhgfd','wertytre',''),
	(80,'en','dfghjhgfd','wertytre',''),
	(81,'en','ertgfr','wertgfd',''),
	(82,'en','ertgfr','wertgfd',''),
	(83,'en','kjbv','lkjb',''),
	(84,'en','kjbv','lkjb',''),
	(85,'en','dgfdgf','dfdfs',''),
	(86,'en','dgfdgf','dfdfs',''),
	(87,'en','dsdg','dfsd',''),
	(88,'en','dsdg','dfsd',''),
	(89,'en','343','fg',''),
	(90,'en','343','fg',''),
	(91,'en','dwd','wdwsd',''),
	(92,'en','dwd','wdwsd',''),
	(93,'en','434','3434r',''),
	(94,'en','434','3434r',''),
	(95,'en','fgfdr','gdf',''),
	(96,'en','fgfdr','gdf',''),
	(97,'en','fdsf','sdfsd',''),
	(98,'en','fdsf','sdfsd',''),
	(99,'en','fghjg','kgh',''),
	(100,'en','fghjg','kgh',''),
	(101,'en','dwd','wdwd',''),
	(102,'en','dwd','wdwd',''),
	(103,'en','asdsa','asdad',''),
	(104,'en','asdsa','asdad',''),
	(105,'en','ryry','yrry',''),
	(106,'en','ryry','yrry',''),
	(107,'en','fdgd','fdfg',''),
	(108,'en','fdgd','fdfg',''),
	(109,'en','yuty','tyuy',''),
	(110,'en','yuty','tyuy',''),
	(111,'en','sadsf','dsfdsf',''),
	(112,'en','sadsf','dsfdsf',''),
	(113,'en','ewr','ewre',''),
	(114,'en','ewr','ewre',''),
	(115,'en','fsd','sdfsjkhn',''),
	(116,'en','fsd','sdfsjkhn',''),
	(117,'en','efef','efewf',''),
	(118,'en','efef','efewf',''),
	(119,'en','rgrg','regerg',''),
	(120,'en','rgrg','regerg',''),
	(121,'en','rtret','rtret',''),
	(122,'en','rtret','rtret',''),
	(123,'en','hngfh','gfhgfhfg',''),
	(124,'en','hngfh','gfhgfhfg',''),
	(125,'en','hfh','hfgh',''),
	(126,'en','hfh','hfgh',''),
	(128,'en','trhtrh','thrhrt',''),
	(129,'en','trhtrh','thrhrt',''),
	(130,'en','hth','htrht',''),
	(131,'en','hth','htrht',''),
	(133,'en','fefef','efewf',''),
	(134,'en','fefef','efewf',''),
	(135,'en','mghmg','gjytj',''),
	(136,'en','mghmg','gjytj',''),
	(137,'en','fgfg','fgfdgf',''),
	(138,'en','fgfg','fgfdgf',''),
	(139,'en','ffe1ewererer','efegdggdgd',''),
	(140,'en','ffe1ewererer','efegdggdgd',''),
	(141,'en','34534','4545',''),
	(142,'en','34534','4545',''),
	(143,'en','4545','retret',''),
	(144,'en','4545','retret',''),
	(145,'en','gdfg','dfgdfgdf',''),
	(146,'en','gdfg','dfgdfgdf',''),
	(147,'en','grdfg','dfdfgfdg',''),
	(148,'en','grdfg','dfdfgfdg',''),
	(149,'en','hfghfgh','hytrh',''),
	(150,'en','hfghfgh','hytrh',''),
	(151,'en','htfhth','thtrhtr',''),
	(152,'en','htfhth','thtrhtr','');

/*!40000 ALTER TABLE `pls_orders_translations` ENABLE KEYS */;
UNLOCK TABLES;


# Дамп таблицы pls_post_messages
# ------------------------------------------------------------

DROP TABLE IF EXISTS `pls_post_messages`;

CREATE TABLE `pls_post_messages` (
  `message_id` int(11) NOT NULL AUTO_INCREMENT,
  `type` enum('order') NOT NULL,
  `type_id` int(11) NOT NULL,
  `message` text CHARACTER SET utf8 COLLATE utf8_unicode_ci NOT NULL,
  `message_type` enum('decline','cancel','inactivate','expire') NOT NULL,
  PRIMARY KEY (`message_id`)
) ENGINE=InnoDB DEFAULT CHARSET=utf8;

LOCK TABLES `pls_post_messages` WRITE;
/*!40000 ALTER TABLE `pls_post_messages` DISABLE KEYS */;

INSERT INTO `pls_post_messages` (`message_id`, `type`, `type_id`, `message`, `message_type`)
VALUES
	(3,'order',81,'nnugvbj','decline'),
	(4,'order',143,'hfhghfghfgh','decline'),
	(5,'order',145,'fdghfghjhjtify','decline'),
	(6,'order',147,'bgfbhngcvngh','decline'),
	(7,'order',151,'thurthytfhtf','cancel'),
	(8,'order',149,'sfcdfvsgv','cancel');

/*!40000 ALTER TABLE `pls_post_messages` ENABLE KEYS */;
UNLOCK TABLES;


# Дамп таблицы pls_users
# ------------------------------------------------------------

DROP TABLE IF EXISTS `pls_users`;

CREATE TABLE `pls_users` (
  `user_id` int(11) unsigned NOT NULL AUTO_INCREMENT,
  `email` varchar(255) NOT NULL,
  `password` varchar(255) NOT NULL,
  `verification_code` varchar(60) DEFAULT NULL,
  `first_name` varchar(255) DEFAULT NULL,
  `last_name` varchar(255) DEFAULT NULL,
  `phone` varchar(255) DEFAULT NULL,
  `user_role_id` int(11) unsigned DEFAULT '1',
  `language` varchar(10) DEFAULT 'en',
  `status` tinyint(4) NOT NULL DEFAULT '0',
  `photo` varchar(255) DEFAULT NULL,
  `created_at` timestamp NOT NULL DEFAULT CURRENT_TIMESTAMP,
  `created_by` int(11) DEFAULT NULL,
  `updated_at` timestamp NOT NULL DEFAULT '0000-00-00 00:00:00',
  `updated_by` int(11) DEFAULT NULL,
  `is_deleted` tinyint(4) NOT NULL DEFAULT '0',
  `deleted_at` timestamp NULL DEFAULT NULL,
  `deleted_by` int(11) DEFAULT NULL,
  PRIMARY KEY (`user_id`)
) ENGINE=InnoDB DEFAULT CHARSET=utf8;

LOCK TABLES `pls_users` WRITE;
/*!40000 ALTER TABLE `pls_users` DISABLE KEYS */;

INSERT INTO `pls_users` (`user_id`, `email`, `password`, `verification_code`, `first_name`, `last_name`, `phone`, `user_role_id`, `language`, `status`, `photo`, `created_at`, `created_by`, `updated_at`, `updated_by`, `is_deleted`, `deleted_at`, `deleted_by`)
VALUES
	(1,'admin@rooomservice.com','a10d004130c7edb015640d3b145fb1ab4afc4f76',NULL,'Admin','',NULL,1,'en',1,NULL,'2018-02-14 13:29:42',1,'2018-02-14 15:29:03',1,0,NULL,NULL),
	(213,'bola@bola.uz','a05df4fb660067f8884de0e23c0345f07017d353',NULL,'Katta16','Kichik',NULL,1,'en',1,NULL,'2018-07-24 09:35:47',1,'2019-11-15 18:16:53',1,1,'2019-11-15 18:16:53',219),
	(218,'bobzimor@gmail.com','abf7040794c6a222c8d5ab85a7de7cbe1a79eba8',NULL,'Bob','Zimors',NULL,2,'en',1,NULL,'2019-10-23 00:42:42',NULL,'2019-10-27 20:50:38',1,0,NULL,NULL),
	(219,'valeriayurinskaya@gmail.com','880d8c1e873253110f78cb85f827166bc4e94cbb',NULL,'Valeria','Yurinskaya',NULL,1,'en',1,NULL,'2019-11-06 14:58:20',NULL,'2019-11-06 11:58:21',NULL,0,NULL,NULL),
	(220,'val@yandex.ru','2e38f5ffd236a1ccd1b1afc24041cea0f3c2f185',NULL,'Leva','Valeviy',NULL,2,'en',1,NULL,'2019-11-07 03:16:52',NULL,'2019-11-07 01:16:52',NULL,0,NULL,NULL),
	(221,'test@test.com','110eab3c742b92edd5294a21f76ca934009116d5',NULL,'Test','Test!',NULL,2,'en',1,NULL,'2019-11-07 09:30:31',NULL,'2019-11-07 07:30:31',NULL,0,NULL,NULL),
	(222,'Test@test1.com','727057c67362a4f8dd6bb3f3a100c86c8ab641a7',NULL,'Test','Test2',NULL,2,'en',1,NULL,'2019-11-07 09:33:41',NULL,'2019-11-15 19:41:51',NULL,1,'2019-11-15 19:41:51',219),
	(223,'test@test.com','testtest',NULL,NULL,NULL,NULL,2,'en',1,NULL,'2019-11-07 09:43:51',NULL,'0000-00-00 00:00:00',NULL,0,NULL,NULL),
	(224,'test@test.com','testtest',NULL,NULL,NULL,NULL,2,'en',1,NULL,'2019-11-07 09:45:13',NULL,'0000-00-00 00:00:00',NULL,0,NULL,NULL),
	(225,'test@test.com','testtest',NULL,NULL,NULL,NULL,2,'en',1,NULL,'2019-11-07 09:46:06',NULL,'0000-00-00 00:00:00',NULL,0,NULL,NULL),
	(226,'test@test20191107.com','testtest',NULL,NULL,NULL,NULL,2,'en',1,NULL,'2019-11-07 10:03:01',NULL,'0000-00-00 00:00:00',NULL,0,NULL,NULL),
	(227,'test@test20191107.com','testtest',NULL,NULL,NULL,NULL,2,'en',1,NULL,'2019-11-07 10:03:02',NULL,'0000-00-00 00:00:00',NULL,0,NULL,NULL),
	(228,'test@test20191107.com','testtest',NULL,NULL,NULL,NULL,2,'en',1,NULL,'2019-11-07 10:06:05',NULL,'0000-00-00 00:00:00',NULL,0,NULL,NULL),
	(229,'test@test20191107.com','testtest',NULL,NULL,NULL,NULL,2,'en',1,NULL,'2019-11-07 10:06:06',NULL,'0000-00-00 00:00:00',NULL,0,NULL,NULL),
	(230,'test@test20191107.com','testtest',NULL,NULL,NULL,NULL,2,'en',1,NULL,'2019-11-07 10:08:51',NULL,'0000-00-00 00:00:00',NULL,0,NULL,NULL),
	(231,'test@test20191107.com','testtest',NULL,NULL,NULL,NULL,2,'en',1,NULL,'2019-11-07 10:08:51',NULL,'0000-00-00 00:00:00',NULL,0,NULL,NULL),
	(232,'test@test20191107.com','testtest',NULL,NULL,NULL,NULL,2,'en',1,NULL,'2019-11-07 10:09:36',NULL,'0000-00-00 00:00:00',NULL,0,NULL,NULL),
	(233,'test@test20191107.com','testtest',NULL,NULL,NULL,NULL,2,'en',1,NULL,'2019-11-07 10:09:36',NULL,'0000-00-00 00:00:00',NULL,0,NULL,NULL),
	(234,'test@test20191107.com','testtest',NULL,NULL,NULL,NULL,2,'en',1,NULL,'2019-11-07 10:31:26',NULL,'0000-00-00 00:00:00',NULL,0,NULL,NULL),
	(235,'test@test20191107.com','testtest',NULL,NULL,NULL,NULL,2,'en',1,NULL,'2019-11-07 10:32:28',NULL,'0000-00-00 00:00:00',NULL,0,NULL,NULL),
	(236,'test@test20191107.com','testtest',NULL,NULL,NULL,NULL,2,'en',1,NULL,'2019-11-07 10:34:08',NULL,'2019-11-15 19:41:43',NULL,1,'2019-11-15 19:41:43',219),
	(237,'test@test20191107.com','testtest',NULL,NULL,NULL,NULL,2,'en',1,NULL,'2019-11-07 10:34:27',NULL,'2019-11-15 18:24:14',NULL,1,'2019-11-15 18:24:14',219),
	(238,'test@test20191107.com','testtest',NULL,NULL,NULL,NULL,2,'en',1,NULL,'2019-11-07 10:35:11',NULL,'2019-11-15 18:16:28',NULL,1,'2019-11-15 18:16:28',219),
	(239,'test@test20191107.com','testtest',NULL,'wdwdjbb','',NULL,2,'en',1,NULL,'2019-11-07 10:37:56',NULL,'2019-11-14 21:10:52',NULL,1,'2019-11-14 21:10:52',219),
	(240,'test@test20178767891107.com','testtest',NULL,'kjhgfdlkjhgfc678kn','',NULL,2,'en',1,NULL,'2019-11-07 10:37:56',NULL,'2019-11-14 21:32:21',NULL,1,'2019-11-14 21:32:21',219),
	(241,'','',NULL,NULL,NULL,NULL,1,'en',-2,NULL,'2019-11-12 14:28:39',NULL,'0000-00-00 00:00:00',NULL,0,NULL,NULL),
	(242,'','',NULL,NULL,NULL,NULL,1,'en',-2,NULL,'2019-11-12 14:28:46',NULL,'0000-00-00 00:00:00',NULL,0,NULL,NULL),
	(243,'test1234@test.com','3b72afe0a709e15843f8c283701261076cc94350',NULL,'TestUser','',NULL,1,'en',1,NULL,'2019-11-12 14:30:03',NULL,'2019-11-13 18:13:01',NULL,1,'2019-11-13 18:13:01',219),
	(244,'','',NULL,NULL,NULL,NULL,1,'en',0,NULL,'2019-11-13 19:07:06',NULL,'2019-11-13 18:08:33',NULL,1,'2019-11-13 18:08:33',219),
	(245,'','',NULL,NULL,NULL,NULL,1,'en',0,NULL,'2019-11-13 19:07:10',NULL,'2019-11-13 18:08:23',NULL,1,'2019-11-13 18:08:23',219),
	(246,'fdfdfgdg@gmail.com','3ec4aec3f9487d756b6a4f93fee2ebed77c551cc',NULL,'gjgfj333','fgjfgj',NULL,1,'en',1,NULL,'2019-11-13 19:57:50',NULL,'2019-11-13 17:58:49',NULL,1,'2019-11-13 17:58:49',219),
	(247,'','',NULL,NULL,NULL,NULL,1,'en',0,NULL,'2019-11-14 12:48:29',NULL,'2019-11-14 11:06:01',NULL,1,'2019-11-14 11:06:01',219),
	(248,'','',NULL,NULL,NULL,NULL,2,'en',0,NULL,'2019-11-14 23:26:05',NULL,'2019-11-14 21:29:46',NULL,1,'2019-11-14 21:29:46',219),
	(249,'','',NULL,NULL,NULL,NULL,2,'en',0,NULL,'2019-11-14 23:33:17',NULL,'2019-11-15 15:00:21',NULL,1,'2019-11-15 15:00:21',219),
	(250,'','',NULL,NULL,NULL,NULL,2,'en',0,NULL,'2019-11-14 23:43:28',NULL,'2019-11-15 15:00:17',NULL,1,'2019-11-15 15:00:17',219),
	(251,'','',NULL,NULL,NULL,NULL,2,'en',0,NULL,'2019-11-15 17:04:49',NULL,'2019-11-15 18:14:42',NULL,1,'2019-11-15 18:14:42',219),
	(252,'','',NULL,NULL,NULL,NULL,2,'en',0,NULL,'2019-11-15 17:08:41',NULL,'2019-11-15 18:14:38',NULL,1,'2019-11-15 18:14:38',219),
	(253,'fsfsf@index.ru','f364ba89aef3c874d22a0cd543eeb45139031d0e',NULL,'sfgfhf1','',NULL,2,'en',0,NULL,'2019-11-15 17:32:48',NULL,'2019-11-15 18:16:23',NULL,1,'2019-11-15 18:16:23',219),
	(254,'','',NULL,NULL,NULL,NULL,2,'en',0,NULL,'2019-11-15 20:13:01',NULL,'2019-11-15 18:14:33',NULL,1,'2019-11-15 18:14:33',219),
	(255,'lera0349314@yandex.ru','f682e7106489f44d63147d4d22022703f69d7bef',NULL,'Tets','Tet',NULL,2,'en',1,NULL,'2019-11-15 21:49:37',NULL,'2019-11-15 19:49:37',NULL,0,NULL,NULL),
	(256,'Inni@food.ru','426e36f7b3d6e709a1c2086e34f182a76ba4f6bc',NULL,'fdfdf','fdf',NULL,2,'en',1,NULL,'2019-11-16 02:48:21',NULL,'2019-11-16 00:48:21',NULL,0,NULL,NULL);

/*!40000 ALTER TABLE `pls_users` ENABLE KEYS */;
UNLOCK TABLES;


# Дамп таблицы pls_users_access_attempts
# ------------------------------------------------------------

DROP TABLE IF EXISTS `pls_users_access_attempts`;

CREATE TABLE `pls_users_access_attempts` (
  `user_attemp_id` int(11) unsigned NOT NULL AUTO_INCREMENT,
  `user_id` int(11) DEFAULT NULL,
  `email` varchar(255) NOT NULL,
  `action` varchar(255) NOT NULL DEFAULT 'login',
  `user_agent` varchar(255) DEFAULT NULL,
  `ip` varchar(255) DEFAULT NULL,
  `attempts` int(5) NOT NULL DEFAULT '1',
  `status` tinyint(1) NOT NULL,
  `created_at` timestamp NOT NULL DEFAULT CURRENT_TIMESTAMP,
  PRIMARY KEY (`user_attemp_id`)
) ENGINE=InnoDB DEFAULT CHARSET=utf8;

LOCK TABLES `pls_users_access_attempts` WRITE;
/*!40000 ALTER TABLE `pls_users_access_attempts` DISABLE KEYS */;

INSERT INTO `pls_users_access_attempts` (`user_attemp_id`, `user_id`, `email`, `action`, `user_agent`, `ip`, `attempts`, `status`, `created_at`)
VALUES
	(1,NULL,'admin@roomservice.com','login','Mozilla/5.0 (Macintosh; Intel Mac OS X 10_14_6) AppleWebKit/605.1.15 (KHTML, like Gecko) Version/13.0.3 Safari/605.1.15','::1',1,0,'2019-11-06 14:54:55'),
	(2,NULL,'admin@roomservice.com','login','Mozilla/5.0 (Macintosh; Intel Mac OS X 10_14_6) AppleWebKit/605.1.15 (KHTML, like Gecko) Version/13.0.3 Safari/605.1.15','::1',2,0,'2019-11-06 14:54:57'),
	(3,NULL,'admin@roomservice.com','login','Mozilla/5.0 (Macintosh; Intel Mac OS X 10_14_6) AppleWebKit/605.1.15 (KHTML, like Gecko) Version/13.0.3 Safari/605.1.15','::1',3,0,'2019-11-06 14:55:17'),
	(4,NULL,'admin@roomservice.com','login','Mozilla/5.0 (Macintosh; Intel Mac OS X 10_14_6) AppleWebKit/605.1.15 (KHTML, like Gecko) Version/13.0.3 Safari/605.1.15','::1',4,0,'2019-11-06 14:55:52'),
	(5,NULL,'admin@roomservice.com','login','Mozilla/5.0 (Macintosh; Intel Mac OS X 10_14_6) AppleWebKit/605.1.15 (KHTML, like Gecko) Version/13.0.3 Safari/605.1.15','::1',5,0,'2019-11-06 14:56:03'),
	(6,NULL,'admin@roomservice.com','login','Mozilla/5.0 (Macintosh; Intel Mac OS X 10_14_6) AppleWebKit/605.1.15 (KHTML, like Gecko) Version/13.0.3 Safari/605.1.15','::1',6,0,'2019-11-06 14:56:54'),
	(7,219,'valeriayurinskaya@gmail.com','signup','Mozilla/5.0 (Macintosh; Intel Mac OS X 10_14_6) AppleWebKit/605.1.15 (KHTML, like Gecko) Version/13.0.3 Safari/605.1.15','::1',1,1,'2019-11-06 14:58:21'),
	(8,NULL,'valeriayurinskaya@gmail.com','signup','Mozilla/5.0 (Macintosh; Intel Mac OS X 10_14_6) AppleWebKit/605.1.15 (KHTML, like Gecko) Version/13.0.3 Safari/605.1.15','::1',1,0,'2019-11-06 14:58:35'),
	(9,NULL,'valeriayurinskaya@gmail.com','login','Mozilla/5.0 (Macintosh; Intel Mac OS X 10_14_6) AppleWebKit/605.1.15 (KHTML, like Gecko) Version/13.0.3 Safari/605.1.15','::1',1,0,'2019-11-06 14:59:07'),
	(10,NULL,'valeriayurinskaya@gmail.com','login','Mozilla/5.0 (Macintosh; Intel Mac OS X 10_14_6) AppleWebKit/605.1.15 (KHTML, like Gecko) Version/13.0.3 Safari/605.1.15','::1',2,0,'2019-11-06 17:06:48'),
	(11,NULL,'valeriayurinskaya@gmail.com','login','Mozilla/5.0 (Macintosh; Intel Mac OS X 10_14_6) AppleWebKit/605.1.15 (KHTML, like Gecko) Version/13.0.3 Safari/605.1.15','::1',1,0,'2019-11-06 19:40:56'),
	(12,220,'val@yandex.ru','signup','Mozilla/5.0 (Macintosh; Intel Mac OS X 10_14_6) AppleWebKit/605.1.15 (KHTML, like Gecko) Version/13.0.3 Safari/605.1.15','::1',1,1,'2019-11-07 03:16:52'),
	(13,NULL,'val@yandex.ru','login','Mozilla/5.0 (Macintosh; Intel Mac OS X 10_14_6) AppleWebKit/605.1.15 (KHTML, like Gecko) Version/13.0.3 Safari/605.1.15','::1',1,0,'2019-11-07 03:18:31'),
	(14,221,'test@test.com','signup','Mozilla/5.0 (Linux; Android 6.0; Nexus 5 Build/MRA58N) AppleWebKit/537.36 (KHTML, like Gecko) Chrome/78.0.3904.97 Mobile Safari/537.36','::1',1,1,'2019-11-07 09:30:31'),
	(15,222,'Test@test1.com','signup','Mozilla/5.0 (Linux; Android 6.0; Nexus 5 Build/MRA58N) AppleWebKit/537.36 (KHTML, like Gecko) Chrome/78.0.3904.97 Mobile Safari/537.36','::1',1,1,'2019-11-07 09:33:41'),
	(16,NULL,'valeriayurinskaya@gmail.com','login','Mozilla/5.0 (Macintosh; Intel Mac OS X 10_14_6) AppleWebKit/605.1.15 (KHTML, like Gecko) Version/13.0.3 Safari/605.1.15','::1',1,0,'2019-11-12 14:21:26'),
	(17,NULL,'admin@roomservice.com','login','Mozilla/5.0 (Macintosh; Intel Mac OS X 10_14_6) AppleWebKit/605.1.15 (KHTML, like Gecko) Version/13.0.3 Safari/605.1.15','::1',1,0,'2019-11-12 14:26:21'),
	(18,NULL,'admin@roomservice.com','login','Mozilla/5.0 (Macintosh; Intel Mac OS X 10_14_6) AppleWebKit/605.1.15 (KHTML, like Gecko) Version/13.0.3 Safari/605.1.15','::1',2,0,'2019-11-12 14:26:36'),
	(19,NULL,'admin@roomservice.com','login','Mozilla/5.0 (Macintosh; Intel Mac OS X 10_14_6) AppleWebKit/605.1.15 (KHTML, like Gecko) Version/13.0.3 Safari/605.1.15','::1',3,0,'2019-11-12 14:26:38'),
	(20,NULL,'admin@roomservice.com','login','Mozilla/5.0 (Macintosh; Intel Mac OS X 10_14_6) AppleWebKit/605.1.15 (KHTML, like Gecko) Version/13.0.3 Safari/605.1.15','::1',4,0,'2019-11-12 14:27:16'),
	(21,NULL,'admin@roomservice.com','login','Mozilla/5.0 (Macintosh; Intel Mac OS X 10_14_6) AppleWebKit/605.1.15 (KHTML, like Gecko) Version/13.0.3 Safari/605.1.15','::1',5,0,'2019-11-12 14:27:26'),
	(22,NULL,'valeriayurinskaya@gmail.com','login','Mozilla/5.0 (Macintosh; Intel Mac OS X 10_14_6) AppleWebKit/605.1.15 (KHTML, like Gecko) Version/13.0.3 Safari/605.1.15','::1',2,0,'2019-11-12 14:28:13'),
	(23,NULL,'valeriayurinskaya@gmail.com','login','Mozilla/5.0 (Macintosh; Intel Mac OS X 10_14_6) AppleWebKit/605.1.15 (KHTML, like Gecko) Version/13.0.3 Safari/605.1.15','::1',3,0,'2019-11-12 16:11:07'),
	(24,NULL,'valeriayurinskaya@gmail.com','login','Mozilla/5.0 (Macintosh; Intel Mac OS X 10_14_6) AppleWebKit/537.36 (KHTML, like Gecko) Chrome/78.0.3904.97 Safari/537.36','::1',4,0,'2019-11-12 16:39:40'),
	(25,NULL,'valeriayurinskaya@gmail.com','login','Mozilla/5.0 (Linux; Android 6.0; Nexus 5 Build/MRA58N) AppleWebKit/537.36 (KHTML, like Gecko) Chrome/78.0.3904.97 Mobile Safari/537.36','::1',5,0,'2019-11-12 16:48:15'),
	(26,NULL,'valeriayurinskaya@gmail.com','login','Mozilla/5.0 (Linux; Android 6.0; Nexus 5 Build/MRA58N) AppleWebKit/537.36 (KHTML, like Gecko) Chrome/78.0.3904.97 Mobile Safari/537.36','::1',6,0,'2019-11-12 17:03:49'),
	(27,NULL,'valeriayurinskaya@gmail.com','login','Mozilla/5.0 (Macintosh; Intel Mac OS X 10_14_6) AppleWebKit/537.36 (KHTML, like Gecko) Chrome/78.0.3904.97 Safari/537.36','::1',1,0,'2019-11-12 23:39:05'),
	(28,NULL,'valeriayurinskaya@gmail.com','login','Mozilla/5.0 (Linux; Android 6.0; Nexus 5 Build/MRA58N) AppleWebKit/537.36 (KHTML, like Gecko) Chrome/78.0.3904.97 Mobile Safari/537.36','::1',1,0,'2019-11-13 16:03:59'),
	(29,NULL,'valeriayurinskaya@gmail.com','login','Mozilla/5.0 (Macintosh; Intel Mac OS X 10_14_6) AppleWebKit/537.36 (KHTML, like Gecko) Chrome/78.0.3904.97 Safari/537.36','::1',2,0,'2019-11-13 16:36:44'),
	(30,NULL,'valeriayurinskaya@gmail.com','login','Mozilla/5.0 (Macintosh; Intel Mac OS X 10_14_6) AppleWebKit/537.36 (KHTML, like Gecko) Chrome/78.0.3904.97 Safari/537.36','::1',1,0,'2019-11-14 12:43:42'),
	(31,NULL,'valeriayurinskaya@gmail.com','login','Mozilla/5.0 (Macintosh; Intel Mac OS X 10_14_6) AppleWebKit/537.36 (KHTML, like Gecko) Chrome/78.0.3904.97 Safari/537.36','::1',1,0,'2019-11-14 23:03:35'),
	(32,NULL,'valeriayurinskaya@gmail.com','login','Mozilla/5.0 (Macintosh; Intel Mac OS X 10_14_6) AppleWebKit/537.36 (KHTML, like Gecko) Chrome/78.0.3904.97 Safari/537.36','::1',2,0,'2019-11-14 23:04:21'),
	(33,NULL,'valeriayurinskaya@gmail.com','login','Mozilla/5.0 (Macintosh; Intel Mac OS X 10_14_6) AppleWebKit/537.36 (KHTML, like Gecko) Chrome/78.0.3904.97 Safari/537.36','::1',1,0,'2019-11-15 15:46:59'),
	(34,NULL,'valeriayurinskaya@gmail.com','login','Mozilla/5.0 (Linux; Android 6.0; Nexus 5 Build/MRA58N) AppleWebKit/537.36 (KHTML, like Gecko) Chrome/78.0.3904.97 Mobile Safari/537.36','::1',1,0,'2019-11-15 19:57:02'),
	(35,NULL,'valeriayurinskaya@gmail.com','login','Mozilla/5.0 (Linux; Android 6.0; Nexus 5 Build/MRA58N) AppleWebKit/537.36 (KHTML, like Gecko) Chrome/78.0.3904.97 Mobile Safari/537.36','::1',2,0,'2019-11-15 20:35:34'),
	(36,NULL,'valeriayurinskaya@gmail.com','login','Mozilla/5.0 (Linux; Android 6.0; Nexus 5 Build/MRA58N) AppleWebKit/537.36 (KHTML, like Gecko) Chrome/78.0.3904.97 Mobile Safari/537.36','::1',3,0,'2019-11-15 21:38:16'),
	(37,255,'lera0349314@yandex.ru','signup','Mozilla/5.0 (Macintosh; Intel Mac OS X 10_14_6) AppleWebKit/605.1.15 (KHTML, like Gecko) Version/13.0.3 Safari/605.1.15','::1',1,1,'2019-11-15 21:49:37'),
	(38,NULL,'lera0349314@yandex.ru','login','Mozilla/5.0 (Macintosh; Intel Mac OS X 10_14_6) AppleWebKit/605.1.15 (KHTML, like Gecko) Version/13.0.3 Safari/605.1.15','::1',1,0,'2019-11-15 21:50:04'),
	(39,NULL,'lera0349314@yandex.ru','login','Mozilla/5.0 (Macintosh; Intel Mac OS X 10_14_6) AppleWebKit/605.1.15 (KHTML, like Gecko) Version/13.0.3 Safari/605.1.15','::1',1,0,'2019-11-16 00:12:09'),
	(40,256,'Inni@food.ru','signup','Mozilla/5.0 (Macintosh; Intel Mac OS X 10_14_6) AppleWebKit/605.1.15 (KHTML, like Gecko) Version/13.0.3 Safari/605.1.15','::1',1,1,'2019-11-16 02:48:21');

/*!40000 ALTER TABLE `pls_users_access_attempts` ENABLE KEYS */;
UNLOCK TABLES;


# Дамп таблицы pls_users_groups
# ------------------------------------------------------------

DROP TABLE IF EXISTS `pls_users_groups`;

CREATE TABLE `pls_users_groups` (
  `user_group_id` int(11) unsigned NOT NULL AUTO_INCREMENT,
  `name` varchar(255) NOT NULL,
  `type` enum('admin','partner') DEFAULT NULL,
  `status` tinyint(4) NOT NULL,
  `created_at` timestamp NOT NULL DEFAULT CURRENT_TIMESTAMP,
  `created_by` int(11) NOT NULL,
  `updated_at` timestamp NOT NULL DEFAULT '0000-00-00 00:00:00',
  `updated_by` int(11) DEFAULT NULL,
  `is_deleted` tinyint(4) NOT NULL DEFAULT '0',
  `deleted_at` timestamp NULL DEFAULT NULL,
  `deleted_by` int(11) DEFAULT NULL,
  PRIMARY KEY (`user_group_id`)
) ENGINE=InnoDB DEFAULT CHARSET=utf8;

LOCK TABLES `pls_users_groups` WRITE;
/*!40000 ALTER TABLE `pls_users_groups` DISABLE KEYS */;

INSERT INTO `pls_users_groups` (`user_group_id`, `name`, `type`, `status`, `created_at`, `created_by`, `updated_at`, `updated_by`, `is_deleted`, `deleted_at`, `deleted_by`)
VALUES
	(1,'Super Administrator','admin',1,'2018-02-06 10:00:34',0,'0000-00-00 00:00:00',NULL,0,NULL,NULL);

/*!40000 ALTER TABLE `pls_users_groups` ENABLE KEYS */;
UNLOCK TABLES;


# Дамп таблицы pls_users_groups_permissions_rel
# ------------------------------------------------------------

DROP TABLE IF EXISTS `pls_users_groups_permissions_rel`;

CREATE TABLE `pls_users_groups_permissions_rel` (
  `user_group_id` int(11) unsigned NOT NULL,
  `user_permission_id` int(11) unsigned NOT NULL,
  `created_at` timestamp NOT NULL DEFAULT CURRENT_TIMESTAMP,
  `created_by` int(11) NOT NULL,
  PRIMARY KEY (`user_group_id`,`user_permission_id`),
  KEY `user_permission_id` (`user_permission_id`) USING BTREE
) ENGINE=InnoDB DEFAULT CHARSET=utf8;

LOCK TABLES `pls_users_groups_permissions_rel` WRITE;
/*!40000 ALTER TABLE `pls_users_groups_permissions_rel` DISABLE KEYS */;

INSERT INTO `pls_users_groups_permissions_rel` (`user_group_id`, `user_permission_id`, `created_at`, `created_by`)
VALUES
	(1,1,'2018-02-06 04:53:39',0),
	(1,2,'2018-02-06 04:53:39',0),
	(1,3,'2018-02-06 04:53:39',0),
	(1,4,'2018-02-06 04:53:39',0),
	(1,5,'2018-02-06 04:53:39',0),
	(1,6,'2018-02-06 04:53:39',0),
	(1,7,'2018-02-06 04:53:39',0),
	(1,8,'2018-02-06 04:53:39',0),
	(1,9,'2018-02-06 04:53:40',0),
	(1,10,'2018-02-06 04:53:40',0),
	(1,11,'2018-02-06 04:53:40',0),
	(1,12,'2018-02-06 04:53:40',0),
	(1,13,'2018-02-06 04:53:40',0),
	(1,14,'2018-02-06 04:53:40',0),
	(1,15,'2018-02-06 04:53:40',0),
	(1,16,'2018-02-06 04:53:40',0),
	(1,17,'2018-02-06 04:53:40',0),
	(1,18,'2018-02-06 04:53:40',0),
	(1,19,'2018-02-06 04:53:40',0),
	(1,20,'2018-02-06 04:53:40',0),
	(1,21,'2018-02-06 04:53:40',0),
	(1,22,'2018-02-06 04:53:40',0),
	(1,23,'2018-02-06 04:53:40',0),
	(1,24,'2018-02-06 04:53:41',0),
	(1,25,'2018-02-06 04:53:41',0),
	(1,26,'2018-02-06 04:53:41',0),
	(1,27,'2018-02-06 04:53:41',0),
	(1,28,'2018-02-06 04:53:41',0),
	(1,29,'2018-02-06 04:53:41',0),
	(1,30,'2018-02-06 05:23:36',0),
	(1,31,'2018-02-06 05:23:37',0),
	(1,32,'2018-02-06 05:23:37',0),
	(1,33,'2018-02-06 05:23:37',0),
	(1,34,'2018-02-06 05:23:37',0),
	(1,35,'2018-02-06 05:23:37',0),
	(1,36,'2018-02-06 05:23:37',0),
	(1,37,'2018-02-06 05:23:37',0),
	(1,38,'2018-02-06 05:23:37',0),
	(1,39,'2018-02-06 05:23:37',0),
	(1,40,'2018-02-06 05:23:37',0),
	(1,41,'2018-02-06 05:23:37',0),
	(1,42,'2018-02-06 05:23:37',0),
	(1,43,'2018-02-06 05:23:37',0),
	(1,44,'2018-02-06 05:23:37',0),
	(1,45,'2018-02-06 05:23:37',0),
	(1,46,'2018-02-06 05:23:37',0),
	(1,47,'2018-02-06 05:23:37',0),
	(1,48,'2018-02-06 05:23:37',0),
	(1,49,'2018-02-06 05:23:37',0),
	(1,50,'2018-02-06 05:23:38',0),
	(1,51,'2018-02-06 05:23:38',0),
	(1,52,'2018-02-06 05:23:38',0),
	(1,53,'2018-02-06 05:23:38',0),
	(1,54,'2018-02-06 04:53:41',0),
	(1,55,'2018-02-06 04:53:41',0),
	(1,56,'2018-02-06 04:53:41',0),
	(1,57,'2018-02-06 04:53:41',0),
	(1,58,'2018-02-06 04:53:41',0),
	(1,59,'2018-02-06 05:23:38',0),
	(1,60,'2018-02-06 04:53:41',0),
	(1,61,'2018-02-06 04:53:41',0),
	(1,62,'2018-02-06 04:53:41',0),
	(1,63,'2018-02-06 04:53:41',0),
	(1,64,'2018-02-06 04:53:41',0),
	(1,65,'2018-02-06 04:53:41',0),
	(1,66,'2018-02-06 04:53:42',0),
	(1,67,'2018-02-06 05:23:38',0),
	(1,68,'2018-02-06 04:53:42',0),
	(1,69,'2018-02-06 04:53:42',0),
	(1,70,'2018-02-06 04:53:42',0),
	(1,71,'2018-02-06 04:53:42',0),
	(1,72,'2018-02-06 04:53:42',0),
	(1,73,'2018-02-13 19:32:18',0),
	(1,74,'2018-04-28 14:19:46',1),
	(1,75,'2018-04-30 20:28:38',0),
	(1,76,'2018-04-30 20:28:38',0),
	(1,77,'2018-04-30 20:28:38',0),
	(1,78,'2018-04-30 20:28:38',0),
	(1,79,'2018-04-30 20:28:38',0),
	(1,80,'2018-05-08 19:13:46',0),
	(1,81,'2018-05-08 19:13:46',0),
	(1,82,'2018-06-27 14:51:13',1),
	(1,83,'2018-06-27 14:51:13',1),
	(1,84,'2018-06-27 14:51:13',1),
	(1,85,'2018-06-27 14:51:13',1),
	(1,86,'2018-06-27 14:51:13',1),
	(1,87,'2018-06-27 14:51:13',1);

/*!40000 ALTER TABLE `pls_users_groups_permissions_rel` ENABLE KEYS */;
UNLOCK TABLES;


# Дамп таблицы pls_users_groups_rel
# ------------------------------------------------------------

DROP TABLE IF EXISTS `pls_users_groups_rel`;

CREATE TABLE `pls_users_groups_rel` (
  `user_id` int(11) unsigned NOT NULL,
  `user_group_id` int(11) unsigned NOT NULL,
  `created_at` timestamp NOT NULL DEFAULT CURRENT_TIMESTAMP,
  `created_by` int(11) NOT NULL,
  PRIMARY KEY (`user_id`,`user_group_id`),
  KEY `pls_users_groups_rel_ibfk_2` (`user_group_id`)
) ENGINE=InnoDB DEFAULT CHARSET=utf8;

LOCK TABLES `pls_users_groups_rel` WRITE;
/*!40000 ALTER TABLE `pls_users_groups_rel` DISABLE KEYS */;

INSERT INTO `pls_users_groups_rel` (`user_id`, `user_group_id`, `created_at`, `created_by`)
VALUES
	(1,1,'2018-02-06 10:01:18',0);

/*!40000 ALTER TABLE `pls_users_groups_rel` ENABLE KEYS */;
UNLOCK TABLES;


# Дамп таблицы pls_users_permissions
# ------------------------------------------------------------

DROP TABLE IF EXISTS `pls_users_permissions`;

CREATE TABLE `pls_users_permissions` (
  `user_permission_id` int(11) unsigned NOT NULL AUTO_INCREMENT,
  `name` varchar(255) NOT NULL,
  `module` enum('order','administrator','user_group','cleaning_option','setting') DEFAULT NULL,
  `type` enum('admin','partner') DEFAULT NULL,
  `created_at` timestamp NOT NULL DEFAULT CURRENT_TIMESTAMP,
  PRIMARY KEY (`user_permission_id`)
) ENGINE=InnoDB DEFAULT CHARSET=utf8;

LOCK TABLES `pls_users_permissions` WRITE;
/*!40000 ALTER TABLE `pls_users_permissions` DISABLE KEYS */;

INSERT INTO `pls_users_permissions` (`user_permission_id`, `name`, `module`, `type`, `created_at`)
VALUES
	(10,'access_orders','order','admin','2018-01-21 20:16:12'),
	(11,'create_orders','order','admin','2018-01-21 20:16:12'),
	(12,'update_orders','order','admin','2018-01-21 20:16:12'),
	(13,'delete_orders','order','admin','2018-01-21 20:16:12'),
	(20,'access_administrators','administrator','admin','2018-01-21 20:16:12'),
	(21,'create_administrators','administrator','admin','2018-01-21 20:16:12'),
	(22,'update_administrators','administrator','admin','2018-01-21 20:16:12'),
	(23,'delete_administrators','administrator','admin','2018-01-21 20:16:12'),
	(24,'export_administrators','administrator','admin','2018-01-21 20:16:12'),
	(25,'access_usergroups','user_group','admin','2018-01-21 20:16:12'),
	(26,'create_usergroups','user_group','admin','2018-01-21 20:16:12'),
	(27,'update_usergroups','user_group','admin','2018-01-21 20:16:12'),
	(28,'delete_usergroups','user_group','admin','2018-01-21 20:16:12'),
	(29,'export_usergroups','user_group','admin','2018-01-21 20:16:12'),
	(34,'access_orders_partner','order','partner','2018-01-21 20:16:12'),
	(35,'create_orders_partner','order','partner','2018-01-21 20:16:12'),
	(36,'update_orders_partner','order','partner','2018-01-21 20:16:12'),
	(37,'delete_orders_partner','order','partner','2018-01-21 20:16:12'),
	(44,'access_administrators_partner','administrator','partner','2018-01-21 20:16:12'),
	(45,'create_administrators_partner','administrator','partner','2018-01-21 20:16:12'),
	(46,'update_administrators_partner','administrator','partner','2018-01-21 20:16:12'),
	(47,'delete_administrators_partner','administrator','partner','2018-01-21 20:16:12'),
	(48,'export_administrators_partner','administrator','partner','2018-01-21 20:16:12'),
	(49,'access_usergroups_partner','user_group','partner','2018-01-21 20:16:12'),
	(50,'create_usergroups_partner','user_group','partner','2018-01-21 20:16:12'),
	(51,'update_usergroups_partner','user_group','partner','2018-01-21 20:16:12'),
	(52,'delete_usergroups_partner','user_group','partner','2018-01-21 20:16:12'),
	(53,'export_usergroups_partner','user_group','partner','2018-01-21 20:16:12'),
	(63,'access_categories','','admin','2018-01-26 06:26:41'),
	(64,'create_categories','','admin','2018-01-26 06:26:57'),
	(65,'update_categories','','admin','2018-01-26 06:26:57'),
	(66,'delete_categories','','admin','2018-01-26 06:27:15'),
	(67,'partner_setting_partner','setting','partner','2018-01-30 17:20:15'),
	(73,'approve_orders','order','admin','2018-02-13 19:31:33');

/*!40000 ALTER TABLE `pls_users_permissions` ENABLE KEYS */;
UNLOCK TABLES;


# Дамп таблицы pls_users_roles
# ------------------------------------------------------------

DROP TABLE IF EXISTS `pls_users_roles`;

CREATE TABLE `pls_users_roles` (
  `user_role_id` int(11) unsigned NOT NULL AUTO_INCREMENT,
  `name` varchar(255) NOT NULL,
  `created_at` timestamp NOT NULL DEFAULT CURRENT_TIMESTAMP,
  PRIMARY KEY (`user_role_id`)
) ENGINE=InnoDB DEFAULT CHARSET=utf8;

LOCK TABLES `pls_users_roles` WRITE;
/*!40000 ALTER TABLE `pls_users_roles` DISABLE KEYS */;

INSERT INTO `pls_users_roles` (`user_role_id`, `name`, `created_at`)
VALUES
	(1,'administrator','2018-01-09 19:46:00'),
	(2,'partner_administrator','2018-01-16 14:05:24');

/*!40000 ALTER TABLE `pls_users_roles` ENABLE KEYS */;
UNLOCK TABLES;



/*!40111 SET SQL_NOTES=@OLD_SQL_NOTES */;
/*!40101 SET SQL_MODE=@OLD_SQL_MODE */;
/*!40014 SET FOREIGN_KEY_CHECKS=@OLD_FOREIGN_KEY_CHECKS */;
/*!40101 SET CHARACTER_SET_CLIENT=@OLD_CHARACTER_SET_CLIENT */;
/*!40101 SET CHARACTER_SET_RESULTS=@OLD_CHARACTER_SET_RESULTS */;
/*!40101 SET COLLATION_CONNECTION=@OLD_COLLATION_CONNECTION */;
